code,800,400,200,100,50,40,25,10,1,0.1,throughput,macsec,deepbuffer,type,maxmodules,family,cost
9808,,,,,,,,,,,,,,modular,8.0,9800,12538.4683
9804,,,,,,,,,,,,,,modular,4.0,9800,6055.681021
N9K-X9836DM-A,,36.0,,,,,,,,,14.4Tbps,x,324MB + 24GB,linecard,,9800,48124.04366
N9K-X98900CD-A,,14.0,,34.0,,,,,,,9Tbps,16_100,216MB + 16GB,linecard,,9800,29378.94055
9516,,,,,,,,,,,,,,modular,16.0,9500,25961.27286
9508,,,,,,,,,,,,,,modular,8.0,9500,12538.4683
9504,,,,,,,,,,,,,,modular,4.0,9500,6055.681021
N9K-X9716D-GX,,16.0,,,,,,,,,12.8 Tbps,x,160 MB,linecard,,9500,20538.58256
N9K-X9716D-GX,,,,64.0,,,,,,,12.8 Tbps,x,160 MB,linecard,,9500,20538.58256
N9K-X9716D-GX,,,,,64.0,,,,,,12.8 Tbps,x,160 MB,linecard,,9500,20538.58256
N9K-X9716D-GX,,,,,,64.0,,,,,12.8 Tbps,x,160 MB,linecard,,9500,20538.58256
N9K-X9716D-GX,,,,,,,64.0,,,,12.8 Tbps,x,160 MB,linecard,,9500,20538.58256
N9K-X9716D-GX,,,,,,,,64.0,,,12.8 Tbps,x,160 MB,linecard,,9500,20538.58256
N9K-X9736C-FX3,,,,36.0,,,,,,,7.2 Tbps,x,160 MB,linecard,,9500,11225.33011
N9K-X9736C-FX3,,,,,72.0,,,,,,7.2 Tbps,x,160 MB,linecard,,9500,11225.33011
N9K-X9736C-FX3,,,,,,36.0,,,,,7.2 Tbps,x,160 MB,linecard,,9500,11225.33011
N9K-X9736C-FX3,,,,,,,144.0,,,,7.2 Tbps,x,160 MB,linecard,,9500,11225.33011
N9K-X9736C-FX3,,,,,,,,144.0,,,7.2 Tbps,x,160 MB,linecard,,9500,11225.33011
N9K-X9736C-FX3,,,,8.0,,,,,28.0,,7.2 Tbps,x,160 MB,linecard,,9500,11225.33011
N9K-X9736C-FX3,,,,,16.0,,,,28.0,,7.2 Tbps,x,160 MB,linecard,,9500,11225.33011
N9K-X9736C-FX3,,,,,,8.0,,,28.0,,7.2 Tbps,x,160 MB,linecard,,9500,11225.33011
N9K-X9736C-FX3,,,,,,,32.0,,28.0,,7.2 Tbps,x,160 MB,linecard,,9500,11225.33011
N9K-X9736C-FX3,,,,,,,,32.0,28.0,,7.2 Tbps,x,160 MB,linecard,,9500,11225.33011
N9K-X9736C-FX,,,,36.0,,,,,,,7.2 Tbps,x,160 MB,linecard,,9500,11225.33011
N9K-X9736C-FX,,,,,72.0,,,,,,7.2 Tbps,x,160 MB,linecard,,9500,11225.33011
N9K-X9736C-FX,,,,,,36.0,,,,,7.2 Tbps,x,160 MB,linecard,,9500,11225.33011
N9K-X9736C-FX,,,,,,,144.0,,,,7.2 Tbps,x,160 MB,linecard,,9500,11225.33011
N9K-X9736C-FX,,,,,,,,144.0,,,7.2 Tbps,x,160 MB,linecard,,9500,11225.33011
N9K-X9736C-FX,,,,8.0,,,,,28.0,,7.2 Tbps,x,160 MB,linecard,,9500,11225.33011
N9K-X9736C-FX,,,,,16.0,,,,28.0,,7.2 Tbps,x,160 MB,linecard,,9500,11225.33011
N9K-X9736C-FX,,,,,,8.0,,,28.0,,7.2 Tbps,x,160 MB,linecard,,9500,11225.33011
N9K-X9736C-FX,,,,,,,32.0,,28.0,,7.2 Tbps,x,160 MB,linecard,,9500,11225.33011
N9K-X9736C-FX,,,,,,,,32.0,28.0,,7.2 Tbps,x,160 MB,linecard,,9500,11225.33011
N9K-X9732C-EX,,,,32.0,,,,,,,6.4 Tbps,,160 MB,linecard,,9500,9919.48152
N9K-X9732C-EX,,,,,64.0,,,,,,6.4 Tbps,,160 MB,linecard,,9500,9919.48152
N9K-X9732C-EX,,,,,,32.0,,,,,6.4 Tbps,,160 MB,linecard,,9500,9919.48152
N9K-X9732C-EX,,,,,,,128.0,,,,6.4 Tbps,,160 MB,linecard,,9500,9919.48152
N9K-X9732C-EX,,,,,,,,256.0,,,6.4 Tbps,,160 MB,linecard,,9500,9919.48152
N9K-X9732C-EX,,,,,,,,,32.0,,6.4 Tbps,,160 MB,linecard,,9500,9919.48152
N9K-X9732C-FX,,,,32.0,,,,,,,6.4 Tbps,x,160 MB,linecard,,9500,9919.48152
N9K-X9732C-FX,,,,,64.0,,,,,,6.4 Tbps,x,160 MB,linecard,,9500,9919.48152
N9K-X9732C-FX,,,,,,32.0,,,,,6.4 Tbps,x,160 MB,linecard,,9500,9919.48152
N9K-X9732C-FX,,,,,,,128.0,,,,6.4 Tbps,x,160 MB,linecard,,9500,9919.48152
N9K-X9732C-FX,,,,,,,,256.0,,,6.4 Tbps,x,160 MB,linecard,,9500,9919.48152
N9K-X9732C-FX,,,,,,,,,32.0,,6.4 Tbps,x,160 MB,linecard,,9500,9919.48152
N9K-X9736C-EX,,,,36.0,,,,,,,6.4 Tbps,,160 MB,linecard,,9500,11225.33011
N9K-X9736C-EX,,,,,72.0,,,,,,6.4 Tbps,,160 MB,linecard,,9500,11225.33011
N9K-X9736C-EX,,,,,,36.0,,,,,6.4 Tbps,,160 MB,linecard,,9500,11225.33011
N9K-X9736C-EX,,,,,,,144.0,,,,6.4 Tbps,,160 MB,linecard,,9500,11225.33011
N9K-X9736C-EX,,,,,,,,144.0,,,6.4 Tbps,,160 MB,linecard,,9500,11225.33011
N9K-X9736C-EX,,,,,,,,,36.0,,6.4 Tbps,,160 MB,linecard,,9500,11225.33011
N9K-X97160YC-EX,,,,4.0,,,48.0,,,,3.2 Tbps,,80 MB,linecard,,9500,4790.793782
N9K-X97160YC-EX,,,,4.0,,,,48.0,,,3.2 Tbps,,80 MB,linecard,,9500,4790.793782
N9K-X97160YC-EX,,,,4.0,,,,,48.0,,3.2 Tbps,,80 MB,linecard,,9500,4790.793782
N9K-X97160YC-EX,,,,,,4.0,48.0,,,,3.2 Tbps,,80 MB,linecard,,9500,4790.793782
N9K-X97160YC-EX,,,,,,4.0,,48.0,,,3.2 Tbps,,80 MB,linecard,,9500,4790.793782
N9K-X97160YC-EX,,,,,,4.0,,,48.0,,3.2 Tbps,,80 MB,linecard,,9500,4790.793782
N9K-X9788TC-FX,,,,4.0,,,,48.0,,,1.76 Tbps,x,80MB,linecard,,9500,4790.793782
N9K-X9788TC-FX,,,,4.0,,,,,48.0,,1.76 Tbps,x,80MB,linecard,,9500,4790.793782
N9K-X9788TC-FX,,,,4.0,,,,,,48.0,1.76 Tbps,x,80MB,linecard,,9500,4790.793782
N9K-X9788TC-FX,,,,,,4.0,,48.0,,,1.76 Tbps,x,80MB,linecard,,9500,4790.793782
N9K-X9788TC-FX,,,,,,4.0,,,48.0,,1.76 Tbps,x,80MB,linecard,,9500,4790.793782
N9K-X9788TC-FX,,,,,,4.0,,,,48.0,1.76 Tbps,x,80MB,linecard,,9500,4790.793782
N9K-X9624D-R2,,24.0,,,,,,,,,9.6 Tbps,,16 GB,linecard,,9500,31438.82383
N9K-X9624D-R2,,,,24.0,,,,,,,9.6 Tbps,,16 GB,linecard,,9500,31438.82383
N9K-X9636C-RX,,,,36.0,,,,,,,3.6 Tbps,,16 GB,linecard,,9500,11225.33011
N9K-X9636C-RX,,,,,,36.0,,,,,3.6 Tbps,,16 GB,linecard,,9500,11225.33011
N9K-X9636C-R,,,,36.0,,,,,,,3.6 Tbps,,24 GB,linecard,,9500,11225.33011
N9K-X9636C-R,,,,,,36.0,,,,,3.6 Tbps,,24 GB,linecard,,9500,11225.33011
N9K-X9636Q-R,,,,,,36.0,,,,,1.4 Tbps,,12 GB,linecard,,9500,11225.33011
N9K-X96136YC-R,,,,4.0,,,32.0,16.0,,,1.2 Tbps,x,4 GB,linecard,,9500,4039.218523
N9K-X96136YC-R,,,,4.0,,,32.0,,16.0,,1.2 Tbps,x,4 GB,linecard,,9500,4039.218523
N9K-X96136YC-R,,,,4.0,,,,48.0,,,1.2 Tbps,x,4 GB,linecard,,9500,4039.218523
N9K-X96136YC-R,,,,4.0,,,,,48.0,,1.2 Tbps,x,4 GB,linecard,,9500,4039.218523
N9K-X96136YC-R,,,,,,4.0,32.0,16.0,,,1.2 Tbps,x,4 GB,linecard,,9500,4039.218523
N9K-X96136YC-R,,,,,,4.0,32.0,,16.0,,1.2 Tbps,x,4 GB,linecard,,9500,4039.218523
N9K-X96136YC-R,,,,,,4.0,,48.0,,,1.2 Tbps,x,4 GB,linecard,,9500,4039.218523
N9K-X96136YC-R,,,,,,4.0,,,48.0,,1.2 Tbps,x,4 GB,linecard,,9500,4039.218523
N9K-X9432C-S,,,,32.0,,,,,,,6.4 Tbps,,32 MB,linecard,,9500,9919.48152
N9K-X9432C-S,,,,,64.0,,,,,,6.4 Tbps,,33 MB,linecard,,9500,9919.48152
N9K-X9432C-S,,,,,,32.0,,,,,6.4 Tbps,,34 MB,linecard,,9500,9919.48152
N9K-X9432C-S,,,,,,,128.0,,,,6.4 Tbps,,35 MB,linecard,,9500,9919.48152
N9K-X9432C-S,,,,,,,,128.0,,,6.4 Tbps,,36 MB,linecard,,9500,9919.48152
N9K-X9736PQ,,,,,,36.0,,,,,2.8 Tbps,,42 MB,linecard,,9500,4289.059906
N9K-X9636PQ,,,,,,36.0,,,,,2.88 Tbps,,36 MB,linecard,,9500,4289.059906
N9K-X9536PQ,,,,,,36.0,,,,,2.88 Tbps,,104 MB,linecard,,9500,4289.059906
N9K-X9432PQ,,,,,,32.0,,,,,2.56 Tbps,,24 MB,linecard,,9500,3790.1113
N9K-X9564PX,,,,,,4.0,,48.0,,,1.28 Tbps,,104 MB,linecard,,9500,1830.503098
N9K-X9564PX,,,,,,4.0,,,48.0,,1.28 Tbps,,104 MB,linecard,,9500,1830.503098
N9K-X9464PX,,,,,,4.0,,48.0,,,1.28 Tbps,,12 MB,linecard,,9500,1830.503098
N9K-X9464PX,,,,,,4.0,,,48.0,,1.28 Tbps,,12 MB,linecard,,9500,1830.503098
N9K-X9564TX,,,,,,4.0,,48.0,,,1.28 Tbps,,104 MB,linecard,,9500,1830.503098
N9K-X9564TX,,,,,,4.0,,,48.0,,1.28 Tbps,,104 MB,linecard,,9500,1830.503098
N9K-X9464TX2,,,,,,4.0,,48.0,,,1.28 Tbps,,12 MB,linecard,,9500,1830.503098
N9K-X9464TX2,,,,,,4.0,,,48.0,,1.28 Tbps,,12 MB,linecard,,9500,1830.503098
9400,,,,,,,,,,,,,,modular,8.0,9400,0.0
N9K-X9400-8D,,8.0,,,,,,,,,,x,,linecard,,9400,9919.48152
N9K-X9400-16W,,,16.0,,,,,,,,,x,,linecard,,9400,9919.48152
N9K-X9400-22L,,,,,22.0,,,,,,,x,,linecard,,9400,3232.53931
N9K-X9400-22L,,,,,,,22.0,,,,,x,,linecard,,9400,3232.53931
N9K-X9400-22L,,,,,,,,22.0,,,,x,,linecard,,9400,3232.53931
HF6100-60L4D,,4.0,,,60.0,,,,,,,,,fixed,,6000,14520.35448
HF6100-60L4D,,,4.0,,60.0,,,,,,,,,fixed,,6000,14520.35448
HF6100-60L4D,,,,4.0,60.0,,,,,,,,,fixed,,6000,14520.35448
HF6100-60L4D,,,,,60.0,4.0,,,,,,,,fixed,,6000,14520.35448
HF6100-60L4D,,4.0,,,,,60.0,,,,,,,fixed,,6000,14520.35448
HF6100-60L4D,,,4.0,,,,60.0,,,,,,,fixed,,6000,14520.35448
HF6100-60L4D,,,,4.0,,,60.0,,,,,,,fixed,,6000,14520.35448
HF6100-60L4D,,,,,,4.0,60.0,,,,,,,fixed,,6000,14520.35448
HF6100-60L4D,,4.0,,,,,,60.0,,,,,,fixed,,6000,14520.35448
HF6100-60L4D,,,4.0,,,,,60.0,,,,,,fixed,,6000,14520.35448
HF6100-60L4D,,,,4.0,,,,60.0,,,,,,fixed,,6000,14520.35448
HF6100-60L4D,,,,,,4.0,,60.0,,,,,,fixed,,6000,14520.35448
HF6100-60L4D,,4.0,,,,,,,60.0,,,,,fixed,,6000,14520.35448
HF6100-60L4D,,,4.0,,,,,,60.0,,,,,fixed,,6000,14520.35448
HF6100-60L4D,,,,4.0,,,,,60.0,,,,,fixed,,6000,14520.35448
HF6100-60L4D,,,,,,4.0,,,60.0,,,,,fixed,,6000,14520.35448
HF6100-32D,,32.0,,,,,,,,,,,,fixed,,6000,42525.74822
HF6100-32D,,,32.0,,,,,,,,,,,fixed,,6000,42525.74822
HF6100-32D,,,,32.0,,,,,,,,,,fixed,,6000,42525.74822
HF6100-32D,,,,,,32.0,,,,,,,,fixed,,6000,42525.74822
HF6100-64ED,64.0,,,,,,,,,,,,,fixed,,6000,182311.8737
HF6100-64ED,,64.0,,,,,,,,,,,,fixed,,6000,182311.8737
HF6100-64ED,,,64.0,,,,,,,,,,,fixed,,6000,182311.8737
HF6100-64ED,,,,64.0,,,,,,,,,,fixed,,6000,182311.8737
93180YC-EX,,,,,,,48.0,,,,,,40 MB,fixed,,9300,3541.781815
93180YC-EX,,,,,,,,48.0,,,,,40 MB,fixed,,9300,3541.781815
93180YC-EX,,,,,,,,,48.0,,,,40 MB,fixed,,9300,3541.781815
93108TC-EX,,,,6.0,,,,48.0,,,,,40 MB,fixed,,9300,3541.781815
93108TC-EX,,,,,,6.0,,48.0,,,,,40 MB,fixed,,9300,3541.781815
93108TC-EX,,,,6.0,,,,,48.0,,,,40 MB,fixed,,9300,3541.781815
93108TC-EX,,,,,,6.0,,,48.0,,,,40 MB,fixed,,9300,3541.781815
93108TC-EX,,,,6.0,,,,,,48.0,,,40 MB,fixed,,9300,3541.781815
93108TC-EX,,,,,,6.0,,,,48.0,,,40 MB,fixed,,9300,3541.781815
93180LC-EX,,,,18.0,,,,,,,,,40 MB,fixed,,9300,3541.781815
93180LC-EX,,,,,32.0,,,,,,,,40 MB,fixed,,9300,3541.781815
93180LC-EX,,,,,,32.0,,,,,,,40 MB,fixed,,9300,3541.781815
93400LD-H1,,4.0,,,48.0,,,,,,,x,40 MB,fixed,,9300,12538.4683
9332D-H2R,,32.0,,,,,,,,,,x,80 MB,fixed,,9300,42525.74822
9364D-GX2A,,64.0,,,,,,2.0,,,51.2 Tbps,16_400,120 MB,fixed,,9300,88123.0616
9364D-GX2A,,64.0,,,,,,,2.0,,51.2 Tbps,16_401,120 MB,fixed,,9300,88123.0616
9364D-GX2A,,,128.0,,,,,2.0,,,51.2 Tbps,16_402,120 MB,fixed,,9300,88123.0616
9364D-GX2A,,,128.0,,,,,,2.0,,51.2 Tbps,16_403,120 MB,fixed,,9300,88123.0616
9364D-GX2A,,,,256.0,,,,2.0,,,51.2 Tbps,16_404,120 MB,fixed,,9300,88123.0616
9364D-GX2A,,,,256.0,,,,,2.0,,51.2 Tbps,16_405,120 MB,fixed,,9300,88123.0616
9364D-GX2A,,,,,256.0,,,2.0,,,51.2 Tbps,16_406,120 MB,fixed,,9300,88123.0616
9364D-GX2A,,,,,256.0,,,,2.0,,51.2 Tbps,16_407,120 MB,fixed,,9300,88123.0616
9364D-GX2A,,,,,,,256.0,2.0,,,51.2 Tbps,16_408,120 MB,fixed,,9300,88123.0616
9364D-GX2A,,,,,,,256.0,,2.0,,51.2 Tbps,16_409,120 MB,fixed,,9300,88123.0616
9364D-GX2A,,,,,,,,258.0,,,51.2 Tbps,16_410,120 MB,fixed,,9300,88123.0616
9364D-GX2A,,,,,,,,256.0,2.0,,51.2 Tbps,16_400,120 MB,fixed,,9300,88123.0616
9348D-GX2A,,48.0,,,,,,2.0,,,38.4 Tbps,x,120 MB,fixed,,9300,88123.0616
9348D-GX2A,,48.0,,,,,,,2.0,,38.4 Tbps,x,120 MB,fixed,,9300,88123.0616
9348D-GX2A,,,96.0,,,,,2.0,,,38.4 Tbps,x,120 MB,fixed,,9300,88123.0616
9348D-GX2A,,,96.0,,,,,,2.0,,38.4 Tbps,x,120 MB,fixed,,9300,88123.0616
9348D-GX2A,,,,192.0,,,,2.0,,,38.4 Tbps,x,120 MB,fixed,,9300,88123.0616
9348D-GX2A,,,,192.0,,,,,2.0,,38.4 Tbps,x,120 MB,fixed,,9300,88123.0616
9348D-GX2A,,,,,192.0,,,2.0,,,38.4 Tbps,x,120 MB,fixed,,9300,88123.0616
9348D-GX2A,,,,,192.0,,,,2.0,,38.4 Tbps,x,120 MB,fixed,,9300,88123.0616
9348D-GX2A,,,,,,,192.0,2.0,,,38.4 Tbps,x,120 MB,fixed,,9300,88123.0616
9348D-GX2A,,,,,,,192.0,,2.0,,38.4 Tbps,x,120 MB,fixed,,9300,88123.0616
9348D-GX2A,,,,,,,,194.0,,,38.4 Tbps,x,120 MB,fixed,,9300,88123.0616
9348D-GX2A,,,,,,,,192.0,2.0,,38.4 Tbps,x,120 MB,fixed,,9300,88123.0616
9332D-GX2B,,32.0,,,,,,2.0,,,25.6 Tbps,8_400,120 MB,fixed,,9300,42595.51975
9332D-GX2B,,32.0,,,,,,,2.0,,25.6 Tbps,8_400,120 MB,fixed,,9300,42595.51975
9332D-GX2B,,,64.0,,,,,2.0,,,25.6 Tbps,8_400,120 MB,fixed,,9300,42595.51975
9332D-GX2B,,,64.0,,,,,,2.0,,25.6 Tbps,8_400,120 MB,fixed,,9300,42595.51975
9332D-GX2B,,,,128.0,,,,2.0,,,25.6 Tbps,8_400,120 MB,fixed,,9300,42595.51975
9332D-GX2B,,,,128.0,,,,,2.0,,25.6 Tbps,8_400,120 MB,fixed,,9300,42595.51975
9332D-GX2B,,,,,128.0,,,2.0,,,25.6 Tbps,8_400,120 MB,fixed,,9300,42595.51975
9332D-GX2B,,,,,128.0,,,,2.0,,25.6 Tbps,8_400,120 MB,fixed,,9300,42595.51975
9332D-GX2B,,,,,,,128.0,2.0,,,25.6 Tbps,8_400,120 MB,fixed,,9300,42595.51975
9332D-GX2B,,,,,,,128.0,,2.0,,25.6 Tbps,8_400,120 MB,fixed,,9300,42595.51975
9332D-GX2B,,,,,,,,130.0,,,25.6 Tbps,8_400,120 MB,fixed,,9300,42595.51975
9332D-GX2B,,,,,,,,128.0,2.0,,25.6 Tbps,8_400,120 MB,fixed,,9300,42595.51975
N9K-C9316D-GX,,16.0,,,,,,,,,12.8 Tbps,,80 MB,fixed,,9300,20538.58256
N9K-C9316D-GX,,,32.0,,,,,,,,12.8 Tbps,,80 MB,fixed,,9300,20538.58256
N9K-C9316D-GX,,,,64.0,,,,,,,12.8 Tbps,,80 MB,fixed,,9300,20538.58256
N9K-C9316D-GX,,,,,128.0,,,,,,12.8 Tbps,,80 MB,fixed,,9300,20538.58256
N9K-C9316D-GX,,,,,,,64.0,,,,12.8 Tbps,,80 MB,fixed,,9300,20538.58256
N9K-C9316D-GX,,,,,,,,64.0,,,12.8 Tbps,,80 MB,fixed,,9300,20538.58256
N9K-C93600CD-GX,,8.0,,28.0,,,,,,,12 Tbps,,80 MB,fixed,,9300,19192.88709
N9K-C93600CD-GX,,,,60.0,,,,,,,12 Tbps,,80 MB,fixed,,9300,19192.88709
N9K-C93600CD-GX,,,,28.0,16.0,,,,,,12 Tbps,,80 MB,fixed,,9300,19192.88709
N9K-C93600CD-GX,,,,28.0,,,32.0,,,,12 Tbps,,80 MB,fixed,,9300,19192.88709
N9K-C93600CD-GX,,,,28.0,,,,32.0,,,12 Tbps,,80 MB,fixed,,9300,19192.88709
N9K-C93600CD-GX,,8.0,,,56.0,,,,,,12 Tbps,,80 MB,fixed,,9300,19192.88709
N9K-C93600CD-GX,,,,32.0,56.0,,,,,,12 Tbps,,80 MB,fixed,,9300,19192.88709
N9K-C93600CD-GX,,,,,72.0,,,,,,12 Tbps,,80 MB,fixed,,9300,19192.88709
N9K-C93600CD-GX,,,,,56.0,,32.0,,,,12 Tbps,,80 MB,fixed,,9300,19192.88709
N9K-C93600CD-GX,,,,,56.0,,,32.0,,,12 Tbps,,80 MB,fixed,,9300,19192.88709
N9K-C93600CD-GX,,8.0,,,,,64.0,,,,12 Tbps,,80 MB,fixed,,9300,19192.88709
N9K-C93600CD-GX,,,,32.0,,,64.0,,,,12 Tbps,,80 MB,fixed,,9300,19192.88709
N9K-C93600CD-GX,,,,,16.0,,64.0,,,,12 Tbps,,80 MB,fixed,,9300,19192.88709
N9K-C93600CD-GX,,,,,,,96.0,,,,12 Tbps,,80 MB,fixed,,9300,19192.88709
N9K-C93600CD-GX,,,,,,,64.0,32.0,,,12 Tbps,,80 MB,fixed,,9300,19192.88709
N9K-C93600CD-GX,,8.0,,,,,,64.0,,,12 Tbps,,80 MB,fixed,,9300,19192.88709
N9K-C93600CD-GX,,,,32.0,,,,64.0,,,12 Tbps,,80 MB,fixed,,9300,19192.88709
N9K-C93600CD-GX,,,,,16.0,,,64.0,,,12 Tbps,,80 MB,fixed,,9300,19192.88709
N9K-C93600CD-GX,,,,,,,32.0,64.0,,,12 Tbps,,80 MB,fixed,,9300,19192.88709
N9K-C93600CD-GX,,,,,,,,96.0,,,12 Tbps,,80 MB,fixed,,9300,19192.88709
N9K-C9364C-GX,,,,64.0,,,,,,,12.8 Tbps,,80 MB,fixed,,9300,20538.58256
N9K-C9364C-GX,,,,,128.0,,,,,,12.8 Tbps,,80 MB,fixed,,9300,20538.58256
N9K-C9364C-GX,,,,,,,192.0,,,,12.8 Tbps,,80 MB,fixed,,9300,20538.58256
N9K-C9364C-GX,,,,,,,,192.0,,,12.8 Tbps,,80 MB,fixed,,9300,20538.58256
93180YC-FX3,,,,6.0,,,48.0,,,,3.6 Tbps,x,40 MB,fixed,,9300,5421.477077
93180YC-FX3,,,,6.0,,,,48.0,,,3.6 Tbps,x,40 MB,fixed,,9300,5421.477077
93180YC-FX3,,,,6.0,,,,,48.0,,3.6 Tbps,x,40 MB,fixed,,9300,5421.477077
93180YC-FX3,,,,,,6.0,48.0,,,,3.6 Tbps,x,40 MB,fixed,,9300,5421.477077
93180YC-FX3,,,,,,6.0,,48.0,,,3.6 Tbps,x,40 MB,fixed,,9300,5421.477077
93180YC-FX3,,,,,,6.0,,,48.0,,3.6 Tbps,x,40 MB,fixed,,9300,5421.477077
93108TC-FX3,,,,6.0,,,,48.0,,, 2.16 Tbps,x,40 MB,fixed,,9300,5421.477077
93108TC-FX3,,,,6.0,,,,,48.0,, 2.16 Tbps,x,40 MB,fixed,,9300,5421.477077
93108TC-FX3,,,,6.0,,,,,,48.0, 2.16 Tbps,x,40 MB,fixed,,9300,5421.477077
93108TC-FX3,,,,,,6.0,,48.0,,, 2.16 Tbps,x,40 MB,fixed,,9300,5421.477077
93108TC-FX3,,,,,,6.0,,,48.0,, 2.16 Tbps,x,40 MB,fixed,,9300,5421.477077
93108TC-FX3,,,,,,6.0,,,,48.0, 2.16 Tbps,x,40 MB,fixed,,9300,5421.477077
93108TC-FX3P,,,,6.0,,,,48.0,,, 2.16 Tbps,x,40 MB,fixed,,9300,3170.855409
93108TC-FX3P,,,,6.0,,,,,48.0,, 2.16 Tbps,x,40 MB,fixed,,9300,3170.855409
93108TC-FX3P,,,,6.0,,,,,,48.0, 2.16 Tbps,x,40 MB,fixed,,9300,3170.855409
93108TC-FX3P,,,,,,6.0,,48.0,,, 2.16 Tbps,x,40 MB,fixed,,9300,3170.855409
93108TC-FX3P,,,,,,6.0,,,48.0,, 2.16 Tbps,x,40 MB,fixed,,9300,3170.855409
93108TC-FX3P,,,,,,6.0,,,,48.0, 2.16 Tbps,x,40 MB,fixed,,9300,3170.855409
9348GC-FX3,,,,2.0,,,4.0,48.0,,,0.696 Tbps,x,40 MB,fixed,,9300,2253.101871
9348GC-FX3,,,,2.0,,,4.0,,48.0,,0.696 Tbps,x,40 MB,fixed,,9300,2253.101871
9348GC-FX3,,,,2.0,,,4.0,,,48.0,0.696 Tbps,x,40 MB,fixed,,9300,2253.101871
9348GC-FX3,,,,2.0,,,,52.0,,,0.696 Tbps,x,40 MB,fixed,,9300,2253.101871
9348GC-FX3,,,,2.0,,,,4.0,48.0,,0.696 Tbps,x,40 MB,fixed,,9300,2253.101871
9348GC-FX3,,,,2.0,,,,4.0,,48.0,0.696 Tbps,x,40 MB,fixed,,9300,2253.101871
9348GC-FX3,,,,2.0,,,,48.0,4.0,,0.696 Tbps,x,40 MB,fixed,,9300,2253.101871
9348GC-FX3,,,,2.0,,,,,52.0,,0.696 Tbps,x,40 MB,fixed,,9300,2253.101871
9348GC-FX3,,,,2.0,,,,,4.0,48.0,0.696 Tbps,x,40 MB,fixed,,9300,2253.101871
9348GC-FX3,,,,2.0,,,,48.0,,4.0,0.696 Tbps,x,40 MB,fixed,,9300,2253.101871
9348GC-FX3,,,,2.0,,,,,48.0,52.0,0.696 Tbps,x,40 MB,fixed,,9300,2253.101871
9348GC-FX3,,,,2.0,,,,,,52.0,0.696 Tbps,x,40 MB,fixed,,9300,2253.101871
9348GC-FX3,,,,,,2.0,4.0,48.0,,,0.696 Tbps,x,40 MB,fixed,,9300,2253.101871
9348GC-FX3,,,,,,2.0,4.0,,48.0,,0.696 Tbps,x,40 MB,fixed,,9300,2253.101871
9348GC-FX3,,,,,,2.0,4.0,,,48.0,0.696 Tbps,x,40 MB,fixed,,9300,2253.101871
9348GC-FX3,,,,,,2.0,,52.0,,,0.696 Tbps,x,40 MB,fixed,,9300,2253.101871
9348GC-FX3,,,,,,2.0,,4.0,48.0,,0.696 Tbps,x,40 MB,fixed,,9300,2253.101871
9348GC-FX3,,,,,,2.0,,4.0,,48.0,0.696 Tbps,x,40 MB,fixed,,9300,2253.101871
9348GC-FX3,,,,,,2.0,,48.0,4.0,,0.696 Tbps,x,40 MB,fixed,,9300,2253.101871
9348GC-FX3,,,,,,2.0,,,52.0,,0.696 Tbps,x,40 MB,fixed,,9300,2253.101871
9348GC-FX3,,,,,,2.0,,,4.0,48.0,0.696 Tbps,x,40 MB,fixed,,9300,2253.101871
9348GC-FX3,,,,,,2.0,,48.0,,4.0,0.696 Tbps,x,40 MB,fixed,,9300,2253.101871
9348GC-FX3,,,,,,2.0,,,48.0,52.0,0.696 Tbps,x,40 MB,fixed,,9300,2253.101871
9348GC-FX3,,,,,,2.0,,,,52.0,0.696 Tbps,x,40 MB,fixed,,9300,2253.101871
9348GC-FX3PH,,,,2.0,,,4.0,,40.0,8.0,0.696 Tbps,x,40 MB,fixed,,9300,944.5089136
9348GC-FX3PH,,,,2.0,,,4.0,,,48.0,0.696 Tbps,x,40 MB,fixed,,9300,944.5089136
9348GC-FX3PH,,,,2.0,,,,4.0,40.0,8.0,0.696 Tbps,x,40 MB,fixed,,9300,944.5089136
9348GC-FX3PH,,,,2.0,,,,4.0,,48.0,0.696 Tbps,x,40 MB,fixed,,9300,944.5089136
9348GC-FX3PH,,,,2.0,,,,,44.0,8.0,0.696 Tbps,x,40 MB,fixed,,9300,944.5089136
9348GC-FX3PH,,,,2.0,,,,,44.0,48.0,0.696 Tbps,x,40 MB,fixed,,9300,944.5089136
9348GC-FX3PH,,,,,,2.0,4.0,,40.0,8.0,0.696 Tbps,x,40 MB,fixed,,9300,944.5089136
9348GC-FX3PH,,,,,,2.0,4.0,,,48.0,0.696 Tbps,x,40 MB,fixed,,9300,944.5089136
9348GC-FX3PH,,,,,,2.0,,4.0,40.0,8.0,0.696 Tbps,x,40 MB,fixed,,9300,944.5089136
9348GC-FX3PH,,,,,,2.0,,4.0,,48.0,0.696 Tbps,x,40 MB,fixed,,9300,944.5089136
9348GC-FX3PH,,,,,,2.0,,,44.0,8.0,0.696 Tbps,x,40 MB,fixed,,9300,944.5089136
9348GC-FX3PH,,,,,,2.0,,,44.0,48.0,0.696 Tbps,x,40 MB,fixed,,9300,944.5089136
9336C-FX2,,,,36.0,,,,,,,7.2 Tbps,,40 MB,fixed,,9300,11225.33011
9336C-FX2,,,,,72.0,,,,,,7.2 Tbps,,40 MB,fixed,,9300,11225.33011
9336C-FX2,,,,,,36.0,,,,,7.2 Tbps,,40 MB,fixed,,9300,11225.33011
9336C-FX2,,,,,,,144.0,,,,7.2 Tbps,,40 MB,fixed,,9300,11225.33011
9336C-FX2,,,,,,,,144.0,,,7.2 Tbps,,40 MB,fixed,,9300,11225.33011
9336C-FX2,,,,26.0,,,,,10.0,,7.2 Tbps,,40 MB,fixed,,9300,11225.33011
9336C-FX2,,,,,52.0,,,,10.0,,7.2 Tbps,,40 MB,fixed,,9300,11225.33011
9336C-FX2,,,,,,26.0,,,10.0,,7.2 Tbps,,40 MB,fixed,,9300,11225.33011
9336C-FX2,,,,,,,104.0,,10.0,,7.2 Tbps,,40 MB,fixed,,9300,11225.33011
9336C-FX2,,,,,,,,104.0,10.0,,7.2 Tbps,,40 MB,fixed,,9300,11225.33011
9336C-FX2-E,,,,36.0,,,,,,,7.2 Tbps,,40 MB,fixed,,9300,11225.33011
9336C-FX2-E,,,,,72.0,,,,,,7.2 Tbps,,40 MB,fixed,,9300,11225.33011
9336C-FX2-E,,,,,,36.0,,,,,7.2 Tbps,,40 MB,fixed,,9300,11225.33011
9336C-FX2-E,,,,,,,144.0,,,,7.2 Tbps,,40 MB,fixed,,9300,11225.33011
9336C-FX2-E,,,,,,,,144.0,,,7.2 Tbps,,40 MB,fixed,,9300,11225.33011
9336C-FX2-E,,,,26.0,,,,,10.0,,7.2 Tbps,,40 MB,fixed,,9300,11225.33011
9336C-FX2-E,,,,,52.0,,,,10.0,,7.2 Tbps,,40 MB,fixed,,9300,11225.33011
9336C-FX2-E,,,,,,26.0,,,10.0,,7.2 Tbps,,40 MB,fixed,,9300,11225.33011
9336C-FX2-E,,,,,,,104.0,,10.0,,7.2 Tbps,,40 MB,fixed,,9300,11225.33011
9336C-FX2-E,,,,,,,,104.0,10.0,,7.2 Tbps,,40 MB,fixed,,9300,11225.33011
93240YC-FX2,,,,12.0,,,48.0,,,,4.8 Tbps,,40 MB,fixed,,9300,7333.364963
93240YC-FX2,,,,12.0,,,,48.0,,,4.8 Tbps,,40 MB,fixed,,9300,7333.364963
93240YC-FX2,,,,12.0,,,,,48.0,,4.8 Tbps,,40 MB,fixed,,9300,7333.364963
93240YC-FX2,,,,,,12.0,48.0,,,,4.8 Tbps,,40 MB,fixed,,9300,7333.364963
93240YC-FX2,,,,,,12.0,,48.0,,,4.8 Tbps,,40 MB,fixed,,9300,7333.364963
93240YC-FX2,,,,,,12.0,,,48.0,,4.8 Tbps,,40 MB,fixed,,9300,7333.364963
93360YC-FX2,,,,12.0,,,96.0,,,,7.2 Tbps,,40 MB,fixed,,9300,7333.364963
93360YC-FX2,,,,12.0,,,,96.0,,,7.2 Tbps,,40 MB,fixed,,9300,7333.364963
93360YC-FX2,,,,12.0,,,,,96.0,,7.2 Tbps,,40 MB,fixed,,9300,7333.364963
93360YC-FX2,,,,,,12.0,96.0,,,,7.2 Tbps,,40 MB,fixed,,9300,7333.364963
93360YC-FX2,,,,,,12.0,,96.0,,,7.2 Tbps,,40 MB,fixed,,9300,7333.364963
93360YC-FX2,,,,,,12.0,,,96.0,,7.2 Tbps,,40 MB,fixed,,9300,7333.364963
93216TC-FX2,,,,12.0,,,96.0,,,,7.2 Tbps,,40 MB,fixed,,9300,7333.364963
93216TC-FX2,,,,12.0,,,,96.0,,,7.2 Tbps,,40 MB,fixed,,9300,7333.364963
93216TC-FX2,,,,12.0,,,,,96.0,,7.2 Tbps,,40 MB,fixed,,9300,7333.364963
93216TC-FX2,,,,,,12.0,96.0,,,,7.2 Tbps,,40 MB,fixed,,9300,7333.364963
93216TC-FX2,,,,,,12.0,,96.0,,,7.2 Tbps,,40 MB,fixed,,9300,7333.364963
93216TC-FX2,,,,,,12.0,,,96.0,,7.2 Tbps,,40 MB,fixed,,9300,7333.364963
93216TC-FX2,,,,,,,144.0,,,,7.2 Tbps,,40 MB,fixed,,9300,7333.364963
93216TC-FX2,,,,,,,,144.0,,,7.2 Tbps,,40 MB,fixed,,9300,7333.364963
93180YC-FX,,,,6.0,,,48.0,,,,3.6 Tbps,,40 MB,fixed,,9300,5421.477077
93180YC-FX,,,,6.0,,,,48.0,,,3.6 Tbps,,40 MB,fixed,,9300,5421.477077
93180YC-FX,,,,6.0,,,,,48.0,,3.6 Tbps,,40 MB,fixed,,9300,5421.477077
93180YC-FX,,,,,,6.0,48.0,,,,3.6 Tbps,,40 MB,fixed,,9300,5421.477077
93180YC-FX,,,,,,6.0,,48.0,,,3.6 Tbps,,40 MB,fixed,,9300,5421.477077
93180YC-FX,,,,,,6.0,,,48.0,,3.6 Tbps,,40 MB,fixed,,9300,5421.477077
93108TC-FX,,,,6.0,,,,48.0,,,2.16 Tbps,,40 MB,fixed,,9300,5421.477077
93108TC-FX,,,,6.0,,,,,48.0,,2.16 Tbps,,40 MB,fixed,,9300,5421.477077
93108TC-FX,,,,6.0,,,,,,48.0,2.16 Tbps,,40 MB,fixed,,9300,5421.477077
93108TC-FX,,,,,,6.0,,48.0,,,2.16 Tbps,,40 MB,fixed,,9300,5421.477077
93108TC-FX,,,,,,6.0,,,48.0,,2.16 Tbps,,40 MB,fixed,,9300,5421.477077
93108TC-FX,,,,,,6.0,,,,48.0,2.16 Tbps,,40 MB,fixed,,9300,5421.477077
9348GC-FXP,,,,2.0,,,4.0,,48.0,,0. 696 Tbps,,40 MB,fixed,,9300,965.472041
9348GC-FXP,,,,2.0,,,,4.0,48.0,,0. 696 Tbps,,40 MB,fixed,,9300,965.472041
9348GC-FXP,,,,2.0,,,,,52.0,,0. 696 Tbps,,40 MB,fixed,,9300,965.472041
9348GC-FXP,,,,,,2.0,4.0,,48.0,,0. 696 Tbps,,40 MB,fixed,,9300,965.472041
9348GC-FXP,,,,,,2.0,,4.0,48.0,,0. 696 Tbps,,40 MB,fixed,,9300,965.472041
9348GC-FXP,,,,,,2.0,,,52.0,,0. 696 Tbps,,40 MB,fixed,,9300,965.472041
92348GC-X,,,,2.0,,,4.0,,48.0,,0.696 Tbps,,40 MB,fixed,,9200,965.472041
92348GC-X,,,,2.0,,,4.0,,,48.0,0.696 Tbps,,40 MB,fixed,,9200,965.472041
92348GC-X,,,,2.0,,,,4.0,48.0,,0.696 Tbps,,40 MB,fixed,,9200,965.472041
92348GC-X,,,,2.0,,,,4.0,,48.0,0.696 Tbps,,40 MB,fixed,,9200,965.472041
92348GC-X,,,,2.0,,,,,52.0,,0.696 Tbps,,40 MB,fixed,,9200,965.472041
92348GC-X,,,,2.0,,,,,4.0,48.0,0.696 Tbps,,40 MB,fixed,,9200,965.472041
92348GC-FX3,,,,2.0,,,4.0,,48.0,,0.696 Tbps,,40 MB,fixed,,9200,965.472041
92348GC-FX3,,,,2.0,,,4.0,,,48.0,0.696 Tbps,,40 MB,fixed,,9200,965.472041
92348GC-FX3,,,,2.0,,,,4.0,48.0,,0.696 Tbps,,40 MB,fixed,,9200,965.472041
92348GC-FX3,,,,2.0,,,,4.0,,48.0,0.696 Tbps,,40 MB,fixed,,9200,965.472041
92348GC-FX3,,,,2.0,,,,,52.0,,0.696 Tbps,,40 MB,fixed,,9200,965.472041
92348GC-FX3,,,,2.0,,,,,4.0,48.0,0.696 Tbps,,40 MB,fixed,,9200,965.472041
92160YC-X,,,,4.0,,2.0,48.0,,,,3.2 Tbps,,20 MB,fixed,,9200,5042.619992
92160YC-X,,,,4.0,,2.0,,48.0,,,3.2 Tbps,,20 MB,fixed,,9200,5042.619992
92160YC-X,,,,4.0,,,50.0,,,,3.2 Tbps,,20 MB,fixed,,9200,5042.619992
92160YC-X,,,,4.0,,,2.0,48.0,,,3.2 Tbps,,20 MB,fixed,,9200,5042.619992
92160YC-X,,,,4.0,,,48.0,,,,3.2 Tbps,,20 MB,fixed,,9200,5042.619992
92160YC-X,,,,4.0,,,,50.0,,,3.2 Tbps,,20 MB,fixed,,9200,5042.619992
9272Q,,,,,,72.0,,,,,5.76 Tbps,,30 MB,fixed,,9200,8880.626554
9272Q,,,,,,2.0,,140.0,,,5.76 Tbps,,30 MB,fixed,,9200,8880.626554
92304QC,,,,8.0,,40.0,,,,,6.1 Tbps,,30 MB,fixed,,9200,7333.364963
92304QC,,,,8.0,,24.0,,64.0,,,6.1 Tbps,,30 MB,fixed,,9200,7333.364963
9236C,,,,36.0,,,,,,,7.2 Tbps,,30 MB,fixed,,9200,11225.33011
9236C,,,,,72.0,,,,,,7.2 Tbps,,30 MB,fixed,,9200,11225.33011
9236C,,,,,,36.0,,,,,7.2 Tbps,,30 MB,fixed,,9200,11225.33011
9236C,,,,,,,144.0,,,,7.2 Tbps,,30 MB,fixed,,9200,11225.33011
9236C,,,,,,,,144.0,,,7.2 Tbps,,30 MB,fixed,,9200,11225.33011
92300YC,,,,18.0,,,48.0,,,,6.0 Tbps,,30 MB,fixed,,9200,9269.553448
92300YC,,,,18.0,,,,48.0,,,6.0 Tbps,,30 MB,fixed,,9200,9269.553448
92300YC,,,,18.0,,,,,48.0,,6.0 Tbps,,30 MB,fixed,,9200,9269.553448
92300YC,,,,,,18.0,48.0,,,,6.0 Tbps,,30 MB,fixed,,9200,9269.553448
92300YC,,,,,,18.0,,48.0,,,6.0 Tbps,,30 MB,fixed,,9200,9269.553448
92300YC,,,,,,18.0,,,48.0,,6.0 Tbps,,30 MB,fixed,,9200,9269.553448
92348GC-X,,,,2.0,,,4.0,,48.0,,,,40 MB,fixed,,9200,965.472041
92348GC-X,,,,2.0,,,4.0,,,48.0,,,40 MB,fixed,,9200,965.472041
92348GC-X,,,,2.0,,,,4.0,48.0,,,,40 MB,fixed,,9200,965.472041
92348GC-X,,,,2.0,,,,4.0,,48.0,,,40 MB,fixed,,9200,965.472041
92348GC-X,,,,2.0,,,,,52.0,,,,40 MB,fixed,,9200,965.472041
92348GC-X,,,,2.0,,,,,4.0,48.0,,,40 MB,fixed,,9200,965.472041
92348GC-X,,,,,,2.0,4.0,,48.0,,,,40 MB,fixed,,9200,965.472041
92348GC-X,,,,,,2.0,4.0,,,48.0,,,40 MB,fixed,,9200,965.472041
92348GC-X,,,,,,2.0,,4.0,48.0,,,,40 MB,fixed,,9200,965.472041
92348GC-X,,,,,,2.0,,4.0,,48.0,,,40 MB,fixed,,9200,965.472041
92348GC-X,,,,,,2.0,,,52.0,,,,40 MB,fixed,,9200,965.472041
92348GC-X,,,,,,2.0,,,4.0,48.0,,,40 MB,fixed,,9200,965.472041
92348GC-FX3,,,,2.0,,,4.0,,48.0,,,,40 MB,fixed,,9200,965.472041
92348GC-FX3,,,,2.0,,,4.0,,,48.0,,,40 MB,fixed,,9200,965.472041
92348GC-FX3,,,,2.0,,,,4.0,48.0,,,,40 MB,fixed,,9200,965.472041
92348GC-FX3,,,,2.0,,,,4.0,,48.0,,,40 MB,fixed,,9200,965.472041
92348GC-FX3,,,,2.0,,,,,52.0,,,,40 MB,fixed,,9200,965.472041
92348GC-FX3,,,,2.0,,,,,4.0,48.0,,,40 MB,fixed,,9200,965.472041
92348GC-FX3,,,,,,2.0,4.0,,48.0,,,,40 MB,fixed,,9200,965.472041
92348GC-FX3,,,,,,2.0,4.0,,,48.0,,,40 MB,fixed,,9200,965.472041
92348GC-FX3,,,,,,2.0,,4.0,48.0,,,,40 MB,fixed,,9200,965.472041
92348GC-FX3,,,,,,2.0,,4.0,,48.0,,,40 MB,fixed,,9200,965.472041
92348GC-FX3,,,,,,2.0,,,52.0,,,,40 MB,fixed,,9200,965.472041
92348GC-FX3,,,,,,2.0,,,4.0,48.0,,,40 MB,fixed,,9200,965.472041
92160YC-X,,,,4.0,,2.0,48.0,,,,,,20 MB,fixed,,9200,5042.619992
92160YC-X,,,,4.0,,,50.0,,,,,,20 MB,fixed,,9200,5042.619992
92160YC-X,,,,4.0,,,48.0,2.0,,,,,20 MB,fixed,,9200,5042.619992
92160YC-X,,,,4.0,,2.0,,48.0,,,,,20 MB,fixed,,9200,5042.619992
92160YC-X,,,,4.0,,,2.0,48.0,,,,,20 MB,fixed,,9200,5042.619992
92160YC-X,,,,4.0,,,,50.0,,,,,20 MB,fixed,,9200,5042.619992
92160YC-X,,,,4.0,,2.0,,,48.0,,,,20 MB,fixed,,9200,5042.619992
92160YC-X,,,,4.0,,,2.0,,48.0,,,,20 MB,fixed,,9200,5042.619992
92160YC-X,,,,4.0,,,,2.0,48.0,,,,20 MB,fixed,,9200,5042.619992
92160YC-X,,,,,,6.0,48.0,,,,,,20 MB,fixed,,9200,5042.619992
92160YC-X,,,,,,4.0,50.0,,,,,,20 MB,fixed,,9200,5042.619992
92160YC-X,,,,,,4.0,48.0,2.0,,,,,20 MB,fixed,,9200,5042.619992
92160YC-X,,,,,,6.0,,48.0,,,,,20 MB,fixed,,9200,5042.619992
92160YC-X,,,,,,4.0,2.0,48.0,,,,,20 MB,fixed,,9200,5042.619992
92160YC-X,,,,,,4.0,,50.0,,,,,20 MB,fixed,,9200,5042.619992
92160YC-X,,,,,,6.0,,,48.0,,,,20 MB,fixed,,9200,5042.619992
92160YC-X,,,,,,4.0,2.0,,48.0,,,,20 MB,fixed,,9200,5042.619992
92160YC-X,,,,,,4.0,,2.0,48.0,,,,20 MB,fixed,,9200,5042.619992
92160YC-X,,,,,,2.0,52.0,,,,,,20 MB,fixed,,9200,5042.619992
92160YC-X,,,,,,,54.0,,,,,,20 MB,fixed,,9200,5042.619992
92160YC-X,,,,,,,52.0,2.0,,,,,20 MB,fixed,,9200,5042.619992
92160YC-X,,,,,,2.0,4.0,48.0,,,,,20 MB,fixed,,9200,5042.619992
92160YC-X,,,,,,,6.0,48.0,,,,,20 MB,fixed,,9200,5042.619992
92160YC-X,,,,,,,4.0,50.0,,,,,20 MB,fixed,,9200,5042.619992
92160YC-X,,,,,,2.0,4.0,,48.0,,,,20 MB,fixed,,9200,5042.619992
92160YC-X,,,,,,,6.0,,48.0,,,,20 MB,fixed,,9200,5042.619992
92160YC-X,,,,,,,4.0,2.0,48.0,,,,20 MB,fixed,,9200,5042.619992
92160YC-X,,,,,,2.0,48.0,4.0,,,,,20 MB,fixed,,9200,5042.619992
92160YC-X,,,,,,,50.0,4.0,,,,,20 MB,fixed,,9200,5042.619992
92160YC-X,,,,,,,48.0,6.0,,,,,20 MB,fixed,,9200,5042.619992
92160YC-X,,,,,,2.0,,52.0,,,,,20 MB,fixed,,9200,5042.619992
92160YC-X,,,,,,,2.0,52.0,,,,,20 MB,fixed,,9200,5042.619992
92160YC-X,,,,,,,,54.0,,,,,20 MB,fixed,,9200,5042.619992
92160YC-X,,,,,,2.0,,4.0,48.0,,,,20 MB,fixed,,9200,5042.619992
92160YC-X,,,,,,,2.0,4.0,48.0,,,,20 MB,fixed,,9200,5042.619992
92160YC-X,,,,,,,,6.0,48.0,,,,20 MB,fixed,,9200,5042.619992
9272Q,,,,,,72.0,,,,,,,30 MB,fixed,,9200,8880.626554
9272Q,,,,,,,,140.0,,,,,30 MB,fixed,,9200,8880.626554
92304QC,,,,8.0,,56.0,,,,,,,30 MB,fixed,,9200,7333.364963
92304QC,,,,8.0,,40.0,,64.0,,,,,30 MB,fixed,,9200,7333.364963
9236C,,,,36.0,,,,,,,,,30 MB,fixed,,9200,11225.33011
9236C,,,,,72.0,,,,,,,,30 MB,fixed,,9200,11225.33011
9236C,,,,,,36.0,,,,,,,30 MB,fixed,,9200,11225.33011
9236C,,,,,,,144.0,,,,,,30 MB,fixed,,9200,11225.33011
9236C,,,,,,,,144.0,,,,,30 MB,fixed,,9200,11225.33011
9236C,,,,,,,,,36.0,,,,30 MB,fixed,,9200,11225.33011
92300YC,,,,18.0,,,48.0,,,,,,30 MB,fixed,,9200,9269.553448
92300YC,,,,18.0,,,,48.0,,,,,30 MB,fixed,,9200,9269.553448
92300YC,,,,18.0,,,,,48.0,,,,30 MB,fixed,,9200,9269.553448
92300YC,,,,,,18.0,48.0,,,,,,30 MB,fixed,,9200,9269.553448
92300YC,,,,,,18.0,,48.0,,,,,30 MB,fixed,,9200,9269.553448
92300YC,,,,,,18.0,,,48.0,,,,30 MB,fixed,,9200,9269.553448
N9364E-SP2R,64.0,,,,,,,,,,,,144 MB,fixed,,9300,182311.8737
