1,10,25,40,100,200,400,800,1600,profile,role,vendor,best_module,solution_linecards,solution_cost
0,0,0,0,0,0,58,0,0,ai_gpu,spine,nokia,7220 IXR-H5-32D,['7220 IXR-H5-32D'],88123.0616
0,0,28,0,0,0,0,0,0,edge_robo,spine,nokia,7220 IXR-D2L,['7220 IXR-D2L'],6119.281517
0,0,0,0,0,0,76,16,0,cloud,tor,nokia,7220 IXR-H5-64D,['7220 IXR-H5-64D'],88123.0616
0,0,16,0,0,0,0,0,0,edge_robo,leaf,nokia,7220 IXR-D2L,['7220 IXR-D2L'],6119.281517
0,54,7,0,0,0,0,0,0,edge_robo,leaf,nokia,7220 IXR-D3L,['7220 IXR-D3L'],9919.48152
0,0,0,0,36,14,0,4,0,cloud,tor,nokia,7220 IXR-H5-32D,['7220 IXR-H5-32D'],88123.0616
0,0,0,0,26,0,6,0,0,enterprise,edge,nokia,7220 IXR-D4,['7220 IXR-D4'],19192.88709
0,0,0,23,0,0,0,0,0,edge_robo,spine,nokia,7220 IXR-D3L,['7220 IXR-D3L'],9919.48152
0,0,0,0,0,0,68,0,0,ai_gpu,leaf,nokia,7220 IXR-H5-64D,['7220 IXR-H5-64D'],88123.0616
0,0,0,0,0,0,60,26,0,cloud,edge,nokia,7220 IXR-H5-64D,['7220 IXR-H5-64D'],88123.0616
0,0,0,0,0,0,0,6,0,enterprise,spine,nokia,7220 IXR-H5-32D,['7220 IXR-H5-32D'],88123.0616
0,0,16,0,0,0,0,0,0,edge_robo,spine,nokia,7220 IXR-D2L,['7220 IXR-D2L'],6119.281517
0,0,0,0,0,0,24,0,0,ai_gpu,spine,nokia,7220 IXR-H2,['7220 IXR-H2'],42525.74822
0,0,0,0,0,0,0,6,0,cloud,spine,nokia,7220 IXR-H5-32D,['7220 IXR-H5-32D'],88123.0616
0,0,0,0,0,16,0,4,0,cloud,leaf,nokia,7220 IXR-H5-32D,['7220 IXR-H5-32D'],88123.0616
0,0,0,0,0,18,8,0,0,ai_gpu,leaf,nokia,7220 IXR-H2,['7220 IXR-H2'],42525.74822
0,0,26,0,0,0,0,0,0,enterprise,spine,nokia,7220 IXR-D2L,['7220 IXR-D2L'],6119.281517
0,0,0,0,16,0,0,0,0,enterprise,leaf,nokia,7220 IXR-D3L,['7220 IXR-D3L'],9919.48152
0,40,0,2,0,0,0,0,0,edge_robo,tor,nokia,7220 IXR-D2L,['7220 IXR-D2L'],6119.281517
0,50,11,0,0,0,0,0,0,edge_robo,tor,nokia,7220 IXR-D3L,['7220 IXR-D3L'],9919.48152
11,0,0,0,0,0,0,0,0,edge_robo,edge,nokia,7215 IXS-A1,['7215 IXS-A1'],122.7219673
0,0,0,0,0,0,0,26,0,ai_gpu,spine,nokia,7220 IXR-H5-32D,['7220 IXR-H5-32D'],88123.0616
0,54,0,0,0,0,0,0,0,edge_robo,leaf,nokia,7220 IXR-D3L,['7220 IXR-D3L'],9919.48152
0,46,2,0,0,0,0,0,0,edge_robo,tor,nokia,7220 IXR-D2L,['7220 IXR-D2L'],6119.281517
0,0,0,0,0,0,38,30,0,ai_gpu,tor,nokia,7220 IXR-H5-64D,['7220 IXR-H5-64D'],88123.0616
0,0,0,0,48,0,0,0,0,enterprise,spine,nokia,7250 IXR-6e,['60-port 100GE'],19192.88709
0,0,0,0,26,0,0,0,0,enterprise,edge,nokia,7220 IXR-D3L,['7220 IXR-D3L'],9919.48152
50,2,0,0,0,0,0,0,0,enterprise,edge,nokia,7215 IXS-A1,['7215 IXS-A1'],122.7219673
0,0,0,0,0,0,0,6,0,ai_gpu,leaf,nokia,7220 IXR-H5-32D,['7220 IXR-H5-32D'],88123.0616
0,0,6,4,0,0,0,0,0,enterprise,leaf,nokia,7220 IXR-D2L,['7220 IXR-D2L'],6119.281517
0,0,0,0,0,22,12,0,0,cloud,leaf,nokia,7220 IXR-H2,['7220 IXR-H2'],42525.74822
0,0,0,0,40,0,12,0,0,cloud,edge,nokia,7220 IXR-H2,['7220 IXR-H2'],42525.74822
0,0,0,0,48,0,14,0,0,cloud,edge,nokia,7220 IXR-H2,['7220 IXR-H2'],42525.74822
0,0,42,0,0,0,1,0,0,edge_robo,leaf,nokia,7250 IXR-X1b,['7250 IXR-X1b'],23242.38103
0,27,0,0,0,0,0,0,0,edge_robo,spine,nokia,7220 IXR-D2L,['7220 IXR-D2L'],6119.281517
0,0,0,0,28,0,4,0,0,enterprise,edge,nokia,7220 IXR-D4,['7220 IXR-D4'],19192.88709
0,0,38,0,6,0,2,0,0,ai_gpu,edge,nokia,7220 IXR-D4,['7220 IXR-D4'],19192.88709
0,0,0,0,44,32,4,0,0,ai_gpu,tor,nokia,7220 IXR-H2,['7220 IXR-H2'],42525.74822
0,0,0,0,0,8,4,0,0,cloud,edge,nokia,7220 IXR-D4,['7220 IXR-D4'],19192.88709
0,0,5,0,0,0,0,0,0,edge_robo,leaf,nokia,7220 IXR-D2L,['7220 IXR-D2L'],6119.281517
0,0,0,52,0,0,0,0,0,enterprise,spine,nokia,7250 IXR-6e,['60-port 100GE'],19192.88709
0,0,0,0,24,0,0,0,0,edge_robo,spine,nokia,7220 IXR-D3L,['7220 IXR-D3L'],9919.48152
0,0,0,0,0,42,6,0,0,cloud,edge,nokia,7220 IXR-H2,['7220 IXR-H2'],42525.74822
0,0,28,0,2,0,0,0,0,enterprise,leaf,nokia,7220 IXR-D2L,['7220 IXR-D2L'],6119.281517
0,0,0,0,0,0,34,32,0,ai_gpu,leaf,nokia,7220 IXR-H5-64D,['7220 IXR-H5-64D'],88123.0616
0,0,0,0,0,0,18,0,0,cloud,spine,nokia,7220 IXR-H2,['7220 IXR-H2'],42525.74822
0,60,0,0,2,0,2,0,0,ai_gpu,edge,nokia,7250 IXR-X1b,['7250 IXR-X1b'],23242.38103
0,0,0,0,0,30,18,0,0,cloud,edge,nokia,7220 IXR-H5-32D,['7220 IXR-H5-32D'],88123.0616
0,14,4,0,0,0,0,0,0,enterprise,edge,nokia,7220 IXR-D2L,['7220 IXR-D2L'],6119.281517
0,0,0,0,62,0,16,0,0,cloud,edge,nokia,7220 IXR-H2,['7220 IXR-H2'],42525.74822
0,0,0,0,0,0,66,12,0,cloud,tor,nokia,7220 IXR-H5-64D,['7220 IXR-H5-64D'],88123.0616
0,0,0,0,48,0,0,0,0,enterprise,spine,nokia,7250 IXR-6e,['60-port 100GE'],19192.88709
0,0,0,0,16,0,6,0,0,ai_gpu,edge,nokia,7220 IXR-D4,['7220 IXR-D4'],19192.88709
0,0,0,15,0,0,0,0,0,edge_robo,spine,nokia,7220 IXR-D3L,['7220 IXR-D3L'],9919.48152
0,0,0,0,72,0,0,0,0,cloud,spine,nokia,7250 IXR-X1b,['7250 IXR-X1b'],23242.38103
0,17,0,0,0,0,0,0,0,edge_robo,leaf,nokia,7220 IXR-D2L,['7220 IXR-D2L'],6119.281517
0,11,1,0,0,0,0,0,0,edge_robo,tor,nokia,7220 IXR-D2L,['7220 IXR-D2L'],6119.281517
0,51,3,0,0,0,0,0,0,edge_robo,tor,nokia,7220 IXR-D3L,['7220 IXR-D3L'],9919.48152
0,42,6,0,4,0,0,0,0,enterprise,tor,nokia,7220 IXR-D2L,['7220 IXR-D2L'],6119.281517
0,5,0,0,0,0,0,0,0,edge_robo,edge,nokia,7220 IXR-D2L,['7220 IXR-D2L'],6119.281517
0,0,42,8,0,0,0,0,0,enterprise,leaf,nokia,7220 IXR-D2L,['7220 IXR-D2L'],6119.281517
57,4,0,0,0,0,0,0,0,edge_robo,tor,nokia,,[],
0,0,0,0,0,16,0,8,0,ai_gpu,leaf,nokia,7220 IXR-H5-32D,['7220 IXR-H5-32D'],88123.0616
0,0,0,0,0,30,10,6,0,ai_gpu,tor,nokia,7220 IXR-H5-32D,['7220 IXR-H5-32D'],88123.0616
0,24,0,2,2,0,0,0,0,enterprise,tor,nokia,7220 IXR-D2L,['7220 IXR-D2L'],6119.281517
0,0,11,0,0,0,0,0,0,edge_robo,leaf,nokia,7220 IXR-D2L,['7220 IXR-D2L'],6119.281517
0,0,4,0,2,0,0,0,0,enterprise,edge,nokia,7220 IXR-D2L,['7220 IXR-D2L'],6119.281517
0,11,0,0,0,0,0,0,0,edge_robo,edge,nokia,7220 IXR-D2L,['7220 IXR-D2L'],6119.281517
0,76,0,0,4,0,0,0,0,cloud,edge,nokia,7220 IXR-D3L,['7220 IXR-D3L'],9919.48152
0,0,10,0,2,0,0,0,0,enterprise,leaf,nokia,7220 IXR-D2L,['7220 IXR-D2L'],6119.281517
0,0,0,0,20,18,0,0,0,cloud,edge,nokia,7220 IXR-H2,['7220 IXR-H2'],42525.74822
0,0,0,0,22,20,0,0,0,cloud,edge,nokia,7220 IXR-H2,['7220 IXR-H2'],42525.74822
0,0,0,0,36,0,0,0,0,enterprise,edge,nokia,7250 IXR-6e,['60-port 100GE'],19192.88709
0,0,7,0,0,0,0,0,0,edge_robo,spine,nokia,7220 IXR-D2L,['7220 IXR-D2L'],6119.281517
33,1,0,0,0,0,0,0,0,edge_robo,leaf,nokia,7215 IXS-A1,['7215 IXS-A1'],122.7219673
0,0,0,0,0,0,80,8,0,cloud,tor,nokia,7220 IXR-H5-64D,['7220 IXR-H5-64D'],88123.0616
0,0,22,0,2,0,0,0,0,enterprise,edge,nokia,7220 IXR-D2L,['7220 IXR-D2L'],6119.281517
0,0,0,0,0,0,22,0,0,ai_gpu,spine,nokia,7220 IXR-H2,['7220 IXR-H2'],42525.74822
0,0,0,0,0,0,64,0,0,ai_gpu,spine,nokia,7220 IXR-H5-32D,['7220 IXR-H5-32D'],88123.0616
0,0,0,0,0,38,16,0,0,ai_gpu,leaf,nokia,7220 IXR-H5-32D,['7220 IXR-H5-32D'],88123.0616
0,0,0,0,0,0,38,0,0,cloud,spine,nokia,7220 IXR-H5-32D,['7220 IXR-H5-32D'],88123.0616
0,0,0,0,0,0,16,6,0,ai_gpu,leaf,nokia,7220 IXR-H5-32D,['7220 IXR-H5-32D'],88123.0616
0,0,26,0,0,0,0,0,0,edge_robo,spine,nokia,7220 IXR-D2L,['7220 IXR-D2L'],6119.281517
0,0,0,0,16,0,0,0,0,enterprise,edge,nokia,7220 IXR-D3L,['7220 IXR-D3L'],9919.48152
0,0,0,0,0,0,46,0,0,cloud,edge,nokia,7220 IXR-H5-32D,['7220 IXR-H5-32D'],88123.0616
0,0,0,0,32,0,4,0,0,cloud,edge,nokia,7220 IXR-D4,['7220 IXR-D4'],19192.88709
0,0,35,0,1,0,0,0,0,edge_robo,tor,nokia,7220 IXR-D2L,['7220 IXR-D2L'],6119.281517
0,0,0,0,28,0,8,0,0,cloud,leaf,nokia,7220 IXR-D4,['7220 IXR-D4'],19192.88709
0,44,2,0,4,0,0,0,0,enterprise,tor,nokia,7220 IXR-D2L,['7220 IXR-D2L'],6119.281517
0,28,0,0,0,0,0,0,0,edge_robo,leaf,nokia,7220 IXR-D2L,['7220 IXR-D2L'],6119.281517
0,0,0,0,62,0,0,0,0,cloud,edge,nokia,7250 IXR-X1b,['7250 IXR-X1b'],23242.38103
21,0,0,0,0,0,0,0,0,edge_robo,spine,nokia,7215 IXS-A1,['7215 IXS-A1'],122.7219673
0,0,0,0,48,20,6,0,0,cloud,tor,nokia,7220 IXR-H2,['7220 IXR-H2'],42525.74822
0,0,0,0,0,8,0,0,0,enterprise,spine,nokia,7220 IXR-D4,['7220 IXR-D4'],19192.88709
0,20,0,0,0,0,0,0,0,edge_robo,leaf,nokia,7220 IXR-D2L,['7220 IXR-D2L'],6119.281517
0,0,48,0,4,0,0,0,0,enterprise,leaf,nokia,7220 IXR-D2L,['7220 IXR-D2L'],6119.281517
0,0,32,0,0,0,0,0,0,edge_robo,spine,nokia,7220 IXR-D2L,['7220 IXR-D2L'],6119.281517
0,42,0,16,2,0,0,0,0,enterprise,tor,nokia,7220 IXR-D3L,['7220 IXR-D3L'],9919.48152
0,0,64,0,0,0,0,0,0,enterprise,spine,nokia,7220 IXR-D3L,['7220 IXR-D3L'],9919.48152
7,0,0,0,0,0,0,0,0,edge_robo,edge,nokia,7215 IXS-A1,['7215 IXS-A1'],122.7219673
0,0,70,0,0,4,0,0,0,enterprise,leaf,nokia,7220 IXR-H2,['7220 IXR-H2'],42525.74822
0,60,3,0,0,0,0,0,0,edge_robo,tor,nokia,7220 IXR-D3L,['7220 IXR-D3L'],9919.48152
0,12,0,0,2,0,0,0,0,enterprise,leaf,nokia,7220 IXR-D2L,['7220 IXR-D2L'],6119.281517
0,0,0,0,0,0,0,52,0,ai_gpu,spine,nokia,7220 IXR-H5-64D,['7220 IXR-H5-64D'],88123.0616
0,0,0,0,0,48,28,0,0,cloud,edge,nokia,7220 IXR-H5-32D,['7220 IXR-H5-32D'],88123.0616
0,0,0,20,0,0,0,0,0,enterprise,spine,nokia,7220 IXR-D3L,['7220 IXR-D3L'],9919.48152
0,0,0,0,28,0,4,4,0,ai_gpu,edge,nokia,7220 IXR-H5-32D,['7220 IXR-H5-32D'],88123.0616
0,0,0,0,60,0,4,0,0,cloud,edge,nokia,7220 IXR-H2,['7220 IXR-H2'],42525.74822
0,31,0,0,1,0,0,0,0,edge_robo,leaf,nokia,7220 IXR-D2L,['7220 IXR-D2L'],6119.281517
0,0,0,0,56,0,4,0,0,cloud,edge,nokia,7250 IXR-X1b,['7250 IXR-X1b'],23242.38103
0,0,0,0,38,12,10,0,0,cloud,tor,nokia,7220 IXR-H2,['7220 IXR-H2'],42525.74822
0,42,0,0,4,0,0,0,0,enterprise,edge,nokia,7220 IXR-D2L,['7220 IXR-D2L'],6119.281517
0,41,0,0,3,0,0,0,0,edge_robo,tor,nokia,7220 IXR-D2L,['7220 IXR-D2L'],6119.281517
19,0,0,0,0,0,0,0,0,edge_robo,tor,nokia,7215 IXS-A1,['7215 IXS-A1'],122.7219673
0,0,0,0,48,0,14,0,0,ai_gpu,tor,nokia,7220 IXR-H2,['7220 IXR-H2'],42525.74822
0,59,0,0,0,0,0,0,0,edge_robo,tor,nokia,7220 IXR-D3L,['7220 IXR-D3L'],9919.48152
0,40,12,0,0,0,0,0,0,edge_robo,tor,nokia,7220 IXR-D3L,['7220 IXR-D3L'],9919.48152
0,0,0,0,0,0,60,0,0,ai_gpu,leaf,nokia,7220 IXR-H5-32D,['7220 IXR-H5-32D'],88123.0616
0,0,0,0,0,0,12,0,0,cloud,spine,nokia,7250 IXR-X1b,['7250 IXR-X1b'],23242.38103
0,0,0,0,70,16,10,0,0,ai_gpu,tor,nokia,7220 IXR-H5-32D,['7220 IXR-H5-32D'],88123.0616
0,0,0,0,0,0,44,0,0,enterprise,edge,nokia,7220 IXR-H5-32D,['7220 IXR-H5-32D'],88123.0616
0,0,0,0,30,30,0,0,0,cloud,leaf,nokia,7220 IXR-H2,['7220 IXR-H2'],42525.74822
0,0,0,0,46,0,0,0,0,ai_gpu,spine,nokia,7250 IXR-6e,['60-port 100GE'],19192.88709
0,0,0,0,20,0,0,0,0,enterprise,spine,nokia,7220 IXR-D3L,['7220 IXR-D3L'],9919.48152
0,58,0,10,4,0,0,0,0,enterprise,tor,nokia,7220 IXR-D3L,['7220 IXR-D3L'],9919.48152
0,5,0,0,0,0,0,0,0,edge_robo,edge,nokia,7220 IXR-D2L,['7220 IXR-D2L'],6119.281517
0,0,0,0,0,0,0,44,0,ai_gpu,leaf,nokia,7220 IXR-H5-64D,['7220 IXR-H5-64D'],88123.0616
0,0,62,0,0,0,0,0,0,edge_robo,leaf,nokia,7220 IXR-D3L,['7220 IXR-D3L'],9919.48152
0,0,0,0,36,14,6,0,0,ai_gpu,tor,nokia,7220 IXR-H2,['7220 IXR-H2'],42525.74822
0,0,0,0,36,0,8,0,0,ai_gpu,edge,nokia,7250 IXR-X1b,['7250 IXR-X1b'],23242.38103
0,0,36,0,4,0,0,0,0,enterprise,leaf,nokia,7220 IXR-D2L,['7220 IXR-D2L'],6119.281517
0,42,2,0,0,0,0,0,0,edge_robo,tor,nokia,7220 IXR-D2L,['7220 IXR-D2L'],6119.281517
0,0,34,0,12,0,0,0,0,enterprise,edge,nokia,7220 IXR-D3L,['7220 IXR-D3L'],9919.48152
0,0,66,0,0,10,0,0,0,enterprise,leaf,nokia,7220 IXR-H2,['7220 IXR-H2'],42525.74822
0,22,1,0,0,0,0,0,0,edge_robo,tor,nokia,7220 IXR-D2L,['7220 IXR-D2L'],6119.281517
0,0,0,0,2,0,0,0,0,edge_robo,edge,nokia,7220 IXR-D2L,['7220 IXR-D2L'],6119.281517
0,0,0,0,26,0,0,0,0,enterprise,leaf,nokia,7220 IXR-D3L,['7220 IXR-D3L'],9919.48152
0,0,0,0,56,0,14,6,0,ai_gpu,tor,nokia,7220 IXR-H5-32D,['7220 IXR-H5-32D'],88123.0616
0,36,0,0,0,0,0,0,0,enterprise,spine,nokia,7220 IXR-D2L,['7220 IXR-D2L'],6119.281517
0,8,0,0,0,0,0,0,0,edge_robo,spine,nokia,7220 IXR-D2L,['7220 IXR-D2L'],6119.281517
0,0,0,0,0,0,0,32,0,ai_gpu,spine,nokia,7220 IXR-H5-32D,['7220 IXR-H5-32D'],88123.0616
0,0,56,0,8,0,2,0,0,enterprise,tor,nokia,7250 IXR-X1b,['7250 IXR-X1b'],23242.38103
0,11,0,0,0,0,0,0,0,edge_robo,edge,nokia,7220 IXR-D2L,['7220 IXR-D2L'],6119.281517
0,0,0,0,0,54,10,4,0,ai_gpu,tor,nokia,7220 IXR-H5-32D,['7220 IXR-H5-32D'],88123.0616
36,2,0,0,0,0,0,0,0,enterprise,edge,nokia,7215 IXS-A1,['7215 IXS-A1'],122.7219673
0,0,0,0,12,0,0,0,0,cloud,leaf,nokia,7220 IXR-D3L,['7220 IXR-D3L'],9919.48152
0,0,0,0,0,0,8,0,0,cloud,spine,nokia,7220 IXR-D4,['7220 IXR-D4'],19192.88709
0,0,0,0,0,50,6,8,0,ai_gpu,edge,nokia,7220 IXR-H5-32D,['7220 IXR-H5-32D'],88123.0616
0,0,0,0,0,0,0,14,0,cloud,spine,nokia,7220 IXR-H5-32D,['7220 IXR-H5-32D'],88123.0616
0,0,0,0,40,0,16,0,0,ai_gpu,edge,nokia,7220 IXR-H2,['7220 IXR-H2'],42525.74822
0,0,0,0,50,0,0,0,0,cloud,edge,nokia,7250 IXR-6e,['60-port 100GE'],19192.88709
0,0,20,0,2,0,0,0,0,enterprise,leaf,nokia,7220 IXR-D2L,['7220 IXR-D2L'],6119.281517
0,0,0,0,0,0,62,0,0,ai_gpu,leaf,nokia,7220 IXR-H5-32D,['7220 IXR-H5-32D'],88123.0616
0,0,12,0,0,0,0,0,0,edge_robo,leaf,nokia,7220 IXR-D2L,['7220 IXR-D2L'],6119.281517
0,70,2,0,2,0,0,0,0,enterprise,tor,nokia,7220 IXR-D3L,['7220 IXR-D3L'],9919.48152
34,2,0,0,0,0,0,0,0,enterprise,edge,nokia,7215 IXS-A1,['7215 IXS-A1'],122.7219673
3,0,0,0,0,0,0,0,0,edge_robo,edge,nokia,7215 IXS-A1,['7215 IXS-A1'],122.7219673
0,25,0,0,0,0,0,0,0,edge_robo,tor,nokia,7220 IXR-D2L,['7220 IXR-D2L'],6119.281517
0,0,0,0,0,38,8,4,0,ai_gpu,edge,nokia,7220 IXR-H5-32D,['7220 IXR-H5-32D'],88123.0616
0,0,0,30,0,0,0,0,0,enterprise,spine,nokia,7220 IXR-D3L,['7220 IXR-D3L'],9919.48152
0,54,0,0,2,0,2,0,0,ai_gpu,edge,nokia,7250 IXR-X1b,['7250 IXR-X1b'],23242.38103
0,5,0,0,0,0,0,0,0,edge_robo,spine,nokia,7220 IXR-D2L,['7220 IXR-D2L'],6119.281517
0,16,0,0,0,0,0,0,0,edge_robo,tor,nokia,7220 IXR-D2L,['7220 IXR-D2L'],6119.281517
0,0,0,0,50,0,0,0,0,enterprise,spine,nokia,7250 IXR-6e,['60-port 100GE'],19192.88709
0,0,0,0,0,0,0,30,0,ai_gpu,leaf,nokia,7220 IXR-H5-32D,['7220 IXR-H5-32D'],88123.0616
0,0,52,0,0,2,0,0,0,enterprise,leaf,nokia,7220 IXR-H2,['7220 IXR-H2'],42525.74822
0,0,0,0,4,0,0,0,0,enterprise,edge,nokia,7220 IXR-D2L,['7220 IXR-D2L'],6119.281517
0,0,0,0,0,16,0,6,0,ai_gpu,leaf,nokia,7220 IXR-H5-32D,['7220 IXR-H5-32D'],88123.0616
0,0,58,0,0,8,0,0,0,enterprise,leaf,nokia,7220 IXR-H2,['7220 IXR-H2'],42525.74822
0,0,8,0,0,0,0,0,0,edge_robo,edge,nokia,7220 IXR-D2L,['7220 IXR-D2L'],6119.281517
5,0,0,0,0,0,0,0,0,edge_robo,edge,nokia,7215 IXS-A1,['7215 IXS-A1'],122.7219673
0,0,0,0,0,0,26,0,0,ai_gpu,spine,nokia,7220 IXR-H2,['7220 IXR-H2'],42525.74822
0,0,0,0,0,32,10,0,0,cloud,leaf,nokia,7220 IXR-H2,['7220 IXR-H2'],42525.74822
24,1,0,0,0,0,0,0,0,edge_robo,tor,nokia,7215 IXS-A1,['7215 IXS-A1'],122.7219673
0,0,0,0,58,0,6,6,0,ai_gpu,tor,nokia,7220 IXR-H5-32D,['7220 IXR-H5-32D'],88123.0616
0,0,28,0,4,0,0,0,0,enterprise,leaf,nokia,7220 IXR-D2L,['7220 IXR-D2L'],6119.281517
0,0,0,0,0,0,0,4,0,ai_gpu,spine,nokia,7220 IXR-H5-32D,['7220 IXR-H5-32D'],88123.0616
0,0,0,0,32,0,0,0,0,enterprise,spine,nokia,7220 IXR-D3L,['7220 IXR-D3L'],9919.48152
0,0,0,0,0,0,18,0,0,ai_gpu,spine,nokia,7220 IXR-H2,['7220 IXR-H2'],42525.74822
0,0,0,0,28,0,14,0,0,cloud,edge,nokia,7220 IXR-H2,['7220 IXR-H2'],42525.74822
0,39,4,0,0,0,0,0,0,edge_robo,tor,nokia,7220 IXR-D2L,['7220 IXR-D2L'],6119.281517
1,0,0,0,0,0,0,0,0,edge_robo,edge,nokia,7215 IXS-A1,['7215 IXS-A1'],122.7219673
8,0,0,0,0,0,0,0,0,edge_robo,edge,nokia,7215 IXS-A1,['7215 IXS-A1'],122.7219673
0,0,0,0,74,0,20,0,0,cloud,tor,nokia,7220 IXR-H5-32D,['7220 IXR-H5-32D'],88123.0616
0,0,0,0,62,26,8,0,0,cloud,tor,nokia,7220 IXR-H5-32D,['7220 IXR-H5-32D'],88123.0616
0,0,0,0,0,0,48,0,0,ai_gpu,leaf,nokia,7220 IXR-H5-32D,['7220 IXR-H5-32D'],88123.0616
0,57,5,0,0,0,0,0,0,edge_robo,tor,nokia,7220 IXR-D3L,['7220 IXR-D3L'],9919.48152
0,0,0,0,0,0,54,0,0,ai_gpu,spine,nokia,7220 IXR-H5-32D,['7220 IXR-H5-32D'],88123.0616
19,0,0,0,0,0,0,0,0,edge_robo,tor,nokia,7215 IXS-A1,['7215 IXS-A1'],122.7219673
0,0,0,0,10,0,0,0,0,cloud,edge,nokia,7220 IXR-D3L,['7220 IXR-D3L'],9919.48152
0,0,54,0,2,0,4,0,0,ai_gpu,edge,nokia,7250 IXR-X1b,['7250 IXR-X1b'],23242.38103
0,0,0,54,0,0,0,0,0,enterprise,spine,nokia,7250 IXR-6e,['60-port 100GE'],19192.88709
0,0,0,0,0,0,88,6,0,ai_gpu,tor,nokia,7220 IXR-H5-64D,['7220 IXR-H5-64D'],88123.0616
0,0,0,0,80,0,0,0,0,enterprise,spine,nokia,7250 IXR-6e,"['60-port 100GE', '60-port 100GE']",38385.77418
0,0,0,0,24,8,0,0,0,cloud,edge,nokia,7220 IXR-D4,['7220 IXR-D4'],19192.88709
0,0,0,0,36,0,0,0,0,enterprise,spine,nokia,7250 IXR-6e,['60-port 100GE'],19192.88709
0,25,0,0,0,0,0,0,0,edge_robo,spine,nokia,7220 IXR-D2L,['7220 IXR-D2L'],6119.281517
0,53,0,8,0,0,0,0,0,edge_robo,tor,nokia,7220 IXR-D3L,['7220 IXR-D3L'],9919.48152
0,61,0,0,0,0,0,0,0,edge_robo,leaf,nokia,7220 IXR-D3L,['7220 IXR-D3L'],9919.48152
0,0,0,0,0,60,0,0,0,ai_gpu,spine,nokia,7220 IXR-H2,['7220 IXR-H2'],42525.74822
22,0,0,0,0,0,0,0,0,edge_robo,spine,nokia,7215 IXS-A1,['7215 IXS-A1'],122.7219673
12,0,0,0,0,0,0,0,0,edge_robo,edge,nokia,7215 IXS-A1,['7215 IXS-A1'],122.7219673
0,0,24,0,0,2,0,0,0,enterprise,leaf,nokia,7220 IXR-D4,['7220 IXR-D4'],19192.88709
0,0,30,6,0,0,0,0,0,enterprise,leaf,nokia,7220 IXR-D2L,['7220 IXR-D2L'],6119.281517
0,0,0,0,114,0,0,0,0,cloud,spine,nokia,7250 IXR-6e,"['60-port 100GE', '60-port 100GE']",38385.77418
0,18,0,0,0,0,0,0,0,edge_robo,spine,nokia,7220 IXR-D2L,['7220 IXR-D2L'],6119.281517
0,0,0,32,0,0,0,0,0,enterprise,spine,nokia,7220 IXR-D3L,['7220 IXR-D3L'],9919.48152
0,4,0,0,0,0,0,0,0,edge_robo,spine,nokia,7215 IXS-A1,['7215 IXS-A1'],122.7219673
0,0,0,0,40,0,6,0,0,ai_gpu,edge,nokia,7250 IXR-X1b,['7250 IXR-X1b'],23242.38103
0,0,0,0,5,0,0,0,0,edge_robo,spine,nokia,7220 IXR-D2L,['7220 IXR-D2L'],6119.281517
0,6,0,0,0,0,0,0,0,edge_robo,spine,nokia,7220 IXR-D2L,['7220 IXR-D2L'],6119.281517
0,0,20,0,0,0,0,0,0,enterprise,spine,nokia,7220 IXR-D2L,['7220 IXR-D2L'],6119.281517
0,0,44,0,6,0,2,0,0,enterprise,tor,nokia,7250 IXR-X1b,['7250 IXR-X1b'],23242.38103
0,66,0,0,4,0,2,0,0,enterprise,tor,nokia,7250 IXR-X1b,['7250 IXR-X1b'],23242.38103
0,0,0,0,0,0,22,0,0,cloud,spine,nokia,7220 IXR-H2,['7220 IXR-H2'],42525.74822
0,0,0,0,30,16,4,0,0,cloud,tor,nokia,7220 IXR-H2,['7220 IXR-H2'],42525.74822
0,0,0,0,84,0,0,0,0,cloud,leaf,nokia,7250 IXR-6e,"['60-port 100GE', '60-port 100GE']",38385.77418
0,0,62,0,6,0,4,0,0,enterprise,tor,nokia,7250 IXR-X1b,['7250 IXR-X1b'],23242.38103
0,0,0,0,0,0,24,0,0,ai_gpu,spine,nokia,7220 IXR-H2,['7220 IXR-H2'],42525.74822
0,0,0,0,52,0,0,0,0,cloud,spine,nokia,7250 IXR-6e,['60-port 100GE'],19192.88709
0,0,0,0,34,12,0,0,0,cloud,edge,nokia,7220 IXR-H2,['7220 IXR-H2'],42525.74822
0,0,0,0,40,10,8,0,0,ai_gpu,tor,nokia,7220 IXR-H2,['7220 IXR-H2'],42525.74822
0,30,8,0,0,0,0,0,0,enterprise,edge,nokia,7220 IXR-D2L,['7220 IXR-D2L'],6119.281517
0,0,0,0,8,0,2,0,0,enterprise,edge,nokia,7220 IXR-D4,['7220 IXR-D4'],19192.88709
0,0,0,0,0,0,16,0,0,enterprise,edge,nokia,7220 IXR-H2,['7220 IXR-H2'],42525.74822
0,0,0,0,8,0,0,0,0,edge_robo,edge,nokia,7220 IXR-D2L,['7220 IXR-D2L'],6119.281517
0,0,0,0,34,0,0,0,0,cloud,spine,nokia,7250 IXR-6e,['60-port 100GE'],19192.88709
0,0,0,0,0,0,0,20,0,enterprise,spine,nokia,7220 IXR-H5-32D,['7220 IXR-H5-32D'],88123.0616
0,0,0,0,0,42,6,12,0,ai_gpu,tor,nokia,7220 IXR-H5-32D,['7220 IXR-H5-32D'],88123.0616
0,0,0,0,0,38,14,0,0,cloud,leaf,nokia,7220 IXR-H5-32D,['7220 IXR-H5-32D'],88123.0616
0,0,0,0,0,44,24,0,0,cloud,edge,nokia,7220 IXR-H5-32D,['7220 IXR-H5-32D'],88123.0616
0,0,0,0,0,0,26,0,0,enterprise,edge,nokia,7220 IXR-H2,['7220 IXR-H2'],42525.74822
0,0,0,0,0,58,0,8,0,cloud,leaf,nokia,7220 IXR-H5-32D,['7220 IXR-H5-32D'],88123.0616
0,0,0,0,36,0,14,0,0,cloud,edge,nokia,7220 IXR-H2,['7220 IXR-H2'],42525.74822
0,0,38,0,2,0,2,0,0,ai_gpu,edge,nokia,7220 IXR-D4,['7220 IXR-D4'],19192.88709
0,12,0,0,0,0,0,0,0,edge_robo,leaf,nokia,7220 IXR-D2L,['7220 IXR-D2L'],6119.281517
50,10,0,0,0,0,0,0,0,edge_robo,leaf,nokia,,[],
0,0,0,0,22,0,3,0,0,edge_robo,leaf,nokia,7220 IXR-D4,['7220 IXR-D4'],19192.88709
0,49,3,0,0,0,0,0,0,edge_robo,tor,nokia,7220 IXR-D3L,['7220 IXR-D3L'],9919.48152
0,0,0,0,0,0,30,0,0,ai_gpu,spine,nokia,7220 IXR-H2,['7220 IXR-H2'],42525.74822
0,0,0,0,54,0,0,0,0,enterprise,leaf,nokia,7250 IXR-6e,['60-port 100GE'],19192.88709
0,0,0,0,32,6,4,0,0,cloud,tor,nokia,7220 IXR-D4,['7220 IXR-D4'],19192.88709
0,0,0,0,40,0,4,0,0,enterprise,edge,nokia,7220 IXR-D4,['7220 IXR-D4'],19192.88709
52,1,0,0,0,0,0,0,0,edge_robo,tor,nokia,7215 IXS-A1,['7215 IXS-A1'],122.7219673
0,0,8,0,0,0,0,0,0,edge_robo,spine,nokia,7220 IXR-D2L,['7220 IXR-D2L'],6119.281517
0,0,42,0,0,0,0,0,0,enterprise,spine,nokia,7220 IXR-D2L,['7220 IXR-D2L'],6119.281517
0,0,0,0,26,10,0,0,0,cloud,leaf,nokia,7220 IXR-D4,['7220 IXR-D4'],19192.88709
49,1,0,0,0,0,0,0,0,edge_robo,tor,nokia,7215 IXS-A1,['7215 IXS-A1'],122.7219673
0,16,0,0,0,0,0,0,0,edge_robo,spine,nokia,7220 IXR-D2L,['7220 IXR-D2L'],6119.281517
0,0,0,0,36,0,12,2,0,ai_gpu,edge,nokia,7220 IXR-H5-32D,['7220 IXR-H5-32D'],88123.0616
0,0,0,0,0,12,0,0,0,enterprise,spine,nokia,7220 IXR-D4,['7220 IXR-D4'],19192.88709
0,0,0,0,0,0,46,0,0,cloud,spine,nokia,7220 IXR-H5-32D,['7220 IXR-H5-32D'],88123.0616
0,0,0,0,0,0,0,44,0,ai_gpu,spine,nokia,7220 IXR-H5-64D,['7220 IXR-H5-64D'],88123.0616
0,0,0,0,62,0,0,0,0,enterprise,spine,nokia,7250 IXR-X1b,['7250 IXR-X1b'],23242.38103
0,0,0,0,46,0,2,4,0,ai_gpu,edge,nokia,7220 IXR-H5-32D,['7220 IXR-H5-32D'],88123.0616
0,0,0,0,16,0,0,0,0,enterprise,leaf,nokia,7220 IXR-D3L,['7220 IXR-D3L'],9919.48152
0,0,0,0,48,0,20,0,0,cloud,leaf,nokia,7220 IXR-H2,['7220 IXR-H2'],42525.74822
0,0,0,0,0,0,0,36,0,ai_gpu,spine,nokia,7220 IXR-H5-64D,['7220 IXR-H5-64D'],88123.0616
0,0,0,0,0,0,30,18,0,ai_gpu,tor,nokia,7220 IXR-H5-64D,['7220 IXR-H5-64D'],88123.0616
0,0,0,0,64,0,26,0,0,ai_gpu,tor,nokia,7220 IXR-H5-32D,['7220 IXR-H5-32D'],88123.0616
0,0,0,0,0,0,0,32,0,ai_gpu,spine,nokia,7220 IXR-H5-32D,['7220 IXR-H5-32D'],88123.0616
0,0,0,0,0,22,6,0,0,cloud,leaf,nokia,7220 IXR-H2,['7220 IXR-H2'],42525.74822
0,62,0,0,1,0,0,0,0,edge_robo,tor,nokia,7220 IXR-D3L,['7220 IXR-D3L'],9919.48152
0,0,0,0,22,14,0,0,0,cloud,leaf,nokia,7220 IXR-H2,['7220 IXR-H2'],42525.74822
0,0,0,0,26,0,0,0,0,enterprise,edge,nokia,7220 IXR-D3L,['7220 IXR-D3L'],9919.48152
0,0,16,0,2,0,0,0,0,enterprise,edge,nokia,7220 IXR-D2L,['7220 IXR-D2L'],6119.281517
0,0,0,26,0,0,0,0,0,enterprise,spine,nokia,7220 IXR-D3L,['7220 IXR-D3L'],9919.48152
0,0,0,0,0,56,12,0,0,cloud,edge,nokia,7220 IXR-H5-32D,['7220 IXR-H5-32D'],88123.0616
0,0,0,0,38,0,0,0,0,enterprise,spine,nokia,7250 IXR-6e,['60-port 100GE'],19192.88709
24,4,0,0,0,0,0,0,0,enterprise,edge,nokia,7215 IXS-A1,['7215 IXS-A1'],122.7219673
0,0,0,0,32,6,10,0,0,cloud,tor,nokia,7220 IXR-H2,['7220 IXR-H2'],42525.74822
0,0,48,0,14,0,0,0,0,enterprise,leaf,nokia,7220 IXR-D3L,['7220 IXR-D3L'],9919.48152
0,0,0,0,0,0,32,14,0,cloud,tor,nokia,7220 IXR-H5-32D,['7220 IXR-H5-32D'],88123.0616
0,0,0,0,36,12,12,0,0,cloud,tor,nokia,7220 IXR-H2,['7220 IXR-H2'],42525.74822
0,62,8,0,4,0,0,0,0,enterprise,tor,nokia,7220 IXR-D3L,['7220 IXR-D3L'],9919.48152
0,0,0,0,40,14,0,0,0,cloud,leaf,nokia,7220 IXR-H2,['7220 IXR-H2'],42525.74822
0,0,0,0,0,0,0,30,0,ai_gpu,leaf,nokia,7220 IXR-H5-32D,['7220 IXR-H5-32D'],88123.0616
0,0,24,0,11,0,0,0,0,edge_robo,leaf,nokia,7220 IXR-D3L,['7220 IXR-D3L'],9919.48152
0,42,6,0,4,0,0,0,0,enterprise,tor,nokia,7220 IXR-D2L,['7220 IXR-D2L'],6119.281517
0,0,0,0,7,0,0,0,0,edge_robo,edge,nokia,7220 IXR-D2L,['7220 IXR-D2L'],6119.281517
0,0,0,0,0,0,48,0,0,ai_gpu,spine,nokia,7220 IXR-H5-32D,['7220 IXR-H5-32D'],88123.0616
0,0,0,32,0,0,0,0,0,enterprise,spine,nokia,7220 IXR-D3L,['7220 IXR-D3L'],9919.48152
0,0,0,0,0,0,0,64,0,cloud,spine,nokia,7220 IXR-H5-64D,['7220 IXR-H5-64D'],88123.0616
0,19,0,0,0,0,0,0,0,edge_robo,spine,nokia,7220 IXR-D2L,['7220 IXR-D2L'],6119.281517
0,0,34,6,0,0,0,0,0,enterprise,leaf,nokia,7220 IXR-D2L,['7220 IXR-D2L'],6119.281517
0,0,17,0,1,0,0,0,0,edge_robo,leaf,nokia,7220 IXR-D2L,['7220 IXR-D2L'],6119.281517
0,0,0,0,0,54,2,4,0,ai_gpu,edge,nokia,7220 IXR-H5-32D,['7220 IXR-H5-32D'],88123.0616
0,41,0,2,0,0,0,0,0,edge_robo,tor,nokia,7220 IXR-D2L,['7220 IXR-D2L'],6119.281517
0,0,0,0,0,0,12,0,0,cloud,leaf,nokia,7250 IXR-X1b,['7250 IXR-X1b'],23242.38103
0,0,0,0,40,0,0,0,0,cloud,edge,nokia,7250 IXR-6e,['60-port 100GE'],19192.88709
0,0,0,0,2,0,0,0,0,edge_robo,edge,nokia,7220 IXR-D2L,['7220 IXR-D2L'],6119.281517
0,0,0,0,0,0,40,24,0,ai_gpu,leaf,nokia,7220 IXR-H5-64D,['7220 IXR-H5-64D'],88123.0616
0,25,0,0,0,0,0,0,0,edge_robo,spine,nokia,7220 IXR-D2L,['7220 IXR-D2L'],6119.281517
0,0,0,0,0,0,48,0,0,cloud,spine,nokia,7220 IXR-H5-32D,['7220 IXR-H5-32D'],88123.0616
0,0,0,0,0,0,0,36,0,cloud,spine,nokia,7220 IXR-H5-64D,['7220 IXR-H5-64D'],88123.0616
0,0,0,0,0,0,64,0,0,cloud,spine,nokia,7220 IXR-H5-32D,['7220 IXR-H5-32D'],88123.0616
0,0,0,0,0,0,34,0,0,ai_gpu,spine,nokia,7250 IXR-X3b,['7250 IXR-X3b'],48124.04366
0,46,8,0,2,0,0,0,0,enterprise,tor,nokia,7220 IXR-D3L,['7220 IXR-D3L'],9919.48152
0,0,0,0,0,0,48,0,0,ai_gpu,spine,nokia,7220 IXR-H5-32D,['7220 IXR-H5-32D'],88123.0616
0,0,0,0,0,0,68,0,0,cloud,edge,nokia,7220 IXR-H5-64D,['7220 IXR-H5-64D'],88123.0616
0,40,4,0,2,0,0,0,0,enterprise,tor,nokia,7220 IXR-D2L,['7220 IXR-D2L'],6119.281517
0,0,18,0,0,0,0,0,0,edge_robo,spine,nokia,7220 IXR-D2L,['7220 IXR-D2L'],6119.281517
0,0,0,0,0,0,56,0,0,cloud,spine,nokia,7220 IXR-H5-32D,['7220 IXR-H5-32D'],88123.0616
0,0,0,0,68,0,16,0,0,cloud,leaf,nokia,7250 IXR-X3b,['7250 IXR-X3b'],48124.04366
0,0,0,0,8,0,0,0,0,edge_robo,edge,nokia,7220 IXR-D2L,['7220 IXR-D2L'],6119.281517
0,0,0,0,32,0,0,0,0,cloud,edge,nokia,7220 IXR-D3L,['7220 IXR-D3L'],9919.48152
0,0,0,0,0,0,56,0,0,enterprise,spine,nokia,7220 IXR-H5-32D,['7220 IXR-H5-32D'],88123.0616
0,0,0,0,0,0,0,10,0,cloud,spine,nokia,7220 IXR-H5-32D,['7220 IXR-H5-32D'],88123.0616
41,0,0,0,0,0,0,0,0,edge_robo,tor,nokia,7215 IXS-A1,['7215 IXS-A1'],122.7219673
0,0,0,0,54,0,8,0,0,ai_gpu,edge,nokia,7220 IXR-H2,['7220 IXR-H2'],42525.74822
0,0,0,0,10,0,0,0,0,enterprise,leaf,nokia,7220 IXR-D3L,['7220 IXR-D3L'],9919.48152
0,34,0,0,0,0,0,0,0,edge_robo,leaf,nokia,7220 IXR-D2L,['7220 IXR-D2L'],6119.281517
0,0,0,0,0,0,0,4,0,ai_gpu,spine,nokia,7220 IXR-H5-32D,['7220 IXR-H5-32D'],88123.0616
0,33,6,0,0,0,0,0,0,edge_robo,leaf,nokia,7220 IXR-D2L,['7220 IXR-D2L'],6119.281517
0,0,0,0,0,0,70,0,0,cloud,leaf,nokia,7220 IXR-H5-64D,['7220 IXR-H5-64D'],88123.0616
0,0,0,0,0,0,0,64,0,cloud,spine,nokia,7220 IXR-H5-64D,['7220 IXR-H5-64D'],88123.0616
0,0,34,0,0,0,2,0,0,enterprise,leaf,nokia,7220 IXR-D4,['7220 IXR-D4'],19192.88709
0,34,0,0,4,0,0,0,0,enterprise,edge,nokia,7220 IXR-D2L,['7220 IXR-D2L'],6119.281517
0,0,0,0,50,0,8,0,0,ai_gpu,edge,nokia,7220 IXR-H2,['7220 IXR-H2'],42525.74822
0,0,58,0,8,6,0,0,0,cloud,tor,nokia,7220 IXR-H2,['7220 IXR-H2'],42525.74822
0,0,0,0,52,18,6,0,0,cloud,tor,nokia,7220 IXR-H2,['7220 IXR-H2'],42525.74822
0,0,0,0,30,0,12,0,0,cloud,edge,nokia,7220 IXR-H2,['7220 IXR-H2'],42525.74822
0,0,0,0,0,0,50,8,0,cloud,tor,nokia,7220 IXR-H5-64D,['7220 IXR-H5-64D'],88123.0616
0,53,0,0,4,0,0,0,0,edge_robo,leaf,nokia,7220 IXR-D3L,['7220 IXR-D3L'],9919.48152
0,8,0,0,0,0,0,0,0,edge_robo,edge,nokia,7220 IXR-D2L,['7220 IXR-D2L'],6119.281517
0,11,0,0,0,0,0,0,0,edge_robo,edge,nokia,7220 IXR-D2L,['7220 IXR-D2L'],6119.281517
0,0,0,0,0,0,12,0,0,cloud,leaf,nokia,7250 IXR-X1b,['7250 IXR-X1b'],23242.38103
0,0,0,0,78,0,0,0,0,enterprise,spine,nokia,7250 IXR-6e,"['60-port 100GE', '60-port 100GE']",38385.77418
0,0,0,0,66,0,8,4,0,ai_gpu,tor,nokia,7220 IXR-H5-32D,['7220 IXR-H5-32D'],88123.0616
0,4,0,0,0,0,0,0,0,edge_robo,edge,nokia,7215 IXS-A1,['7215 IXS-A1'],122.7219673
0,0,0,0,0,0,0,58,0,ai_gpu,spine,nokia,7220 IXR-H5-64D,['7220 IXR-H5-64D'],88123.0616
0,0,0,22,0,0,0,0,0,enterprise,spine,nokia,7220 IXR-D3L,['7220 IXR-D3L'],9919.48152
0,0,24,0,0,0,0,0,0,enterprise,spine,nokia,7220 IXR-D2L,['7220 IXR-D2L'],6119.281517
0,0,0,0,0,0,0,42,0,cloud,spine,nokia,7220 IXR-H5-64D,['7220 IXR-H5-64D'],88123.0616
0,0,0,0,0,0,0,4,0,cloud,spine,nokia,7220 IXR-H5-32D,['7220 IXR-H5-32D'],88123.0616
0,0,13,0,0,0,0,0,0,edge_robo,spine,nokia,7220 IXR-D2L,['7220 IXR-D2L'],6119.281517
0,45,0,0,4,0,0,0,0,edge_robo,tor,nokia,7220 IXR-D2L,['7220 IXR-D2L'],6119.281517
0,0,0,0,0,0,0,62,0,cloud,spine,nokia,7220 IXR-H5-64D,['7220 IXR-H5-64D'],88123.0616
0,0,0,0,0,32,6,6,0,cloud,tor,nokia,7220 IXR-H5-32D,['7220 IXR-H5-32D'],88123.0616
0,16,1,0,0,0,0,0,0,edge_robo,tor,nokia,7220 IXR-D2L,['7220 IXR-D2L'],6119.281517
30,4,0,0,0,0,0,0,0,enterprise,edge,nokia,7215 IXS-A1,['7215 IXS-A1'],122.7219673
0,60,0,0,2,0,2,0,0,ai_gpu,edge,nokia,7250 IXR-X1b,['7250 IXR-X1b'],23242.38103
0,0,0,0,54,16,4,0,0,cloud,tor,nokia,7220 IXR-H2,['7220 IXR-H2'],42525.74822
0,30,0,0,0,0,0,0,0,edge_robo,spine,nokia,7220 IXR-D2L,['7220 IXR-D2L'],6119.281517
0,0,0,0,16,0,0,0,0,enterprise,leaf,nokia,7220 IXR-D3L,['7220 IXR-D3L'],9919.48152
0,0,24,16,0,0,0,0,0,enterprise,leaf,nokia,7220 IXR-D3L,['7220 IXR-D3L'],9919.48152
0,0,0,0,0,0,22,22,0,ai_gpu,leaf,nokia,7220 IXR-H5-64D,['7220 IXR-H5-64D'],88123.0616
0,0,0,0,0,0,0,0,18,ai_gpu,spine,nokia,,[],
0,0,26,0,8,0,0,0,0,edge_robo,leaf,nokia,7220 IXR-D2L,['7220 IXR-D2L'],6119.281517
0,0,24,0,5,0,0,0,0,edge_robo,leaf,nokia,7220 IXR-D2L,['7220 IXR-D2L'],6119.281517
0,30,6,0,2,0,0,0,0,enterprise,tor,nokia,7220 IXR-D2L,['7220 IXR-D2L'],6119.281517
0,0,0,0,26,0,2,0,0,cloud,edge,nokia,7220 IXR-D4,['7220 IXR-D4'],19192.88709
0,0,0,0,0,0,64,26,0,ai_gpu,tor,nokia,7220 IXR-H5-64D,['7220 IXR-H5-64D'],88123.0616
0,0,0,0,0,0,56,0,0,ai_gpu,spine,nokia,7220 IXR-H5-32D,['7220 IXR-H5-32D'],88123.0616
0,0,15,0,0,0,0,0,0,edge_robo,spine,nokia,7220 IXR-D2L,['7220 IXR-D2L'],6119.281517
0,0,32,0,0,0,0,0,0,edge_robo,leaf,nokia,7220 IXR-D2L,['7220 IXR-D2L'],6119.281517
0,0,0,0,0,0,28,22,0,cloud,leaf,nokia,7220 IXR-H5-64D,['7220 IXR-H5-64D'],88123.0616
0,0,0,0,0,0,14,0,0,cloud,spine,nokia,7220 IXR-H2,['7220 IXR-H2'],42525.74822
0,0,0,0,70,0,0,0,0,enterprise,spine,nokia,7250 IXR-X1b,['7250 IXR-X1b'],23242.38103
0,0,0,0,34,0,0,0,0,cloud,edge,nokia,7250 IXR-6e,['60-port 100GE'],19192.88709
0,54,0,0,8,0,0,0,0,cloud,edge,nokia,7220 IXR-D3L,['7220 IXR-D3L'],9919.48152
0,0,0,0,0,0,0,38,0,ai_gpu,spine,nokia,7220 IXR-H5-64D,['7220 IXR-H5-64D'],88123.0616
0,0,0,0,0,0,0,54,0,ai_gpu,spine,nokia,7220 IXR-H5-64D,['7220 IXR-H5-64D'],88123.0616
0,0,0,0,42,8,6,0,0,ai_gpu,tor,nokia,7220 IXR-H2,['7220 IXR-H2'],42525.74822
56,0,0,0,0,0,0,0,0,edge_robo,tor,nokia,,[],
0,0,0,0,7,0,0,0,0,edge_robo,edge,nokia,7220 IXR-D2L,['7220 IXR-D2L'],6119.281517
0,12,0,0,0,0,0,0,0,edge_robo,spine,nokia,7220 IXR-D2L,['7220 IXR-D2L'],6119.281517
0,0,0,0,0,0,58,10,0,cloud,edge,nokia,7220 IXR-H5-64D,['7220 IXR-H5-64D'],88123.0616
0,54,5,0,0,0,0,0,0,edge_robo,leaf,nokia,7220 IXR-D3L,['7220 IXR-D3L'],9919.48152
0,0,0,0,40,0,12,0,0,cloud,tor,nokia,7220 IXR-H2,['7220 IXR-H2'],42525.74822
44,1,0,0,0,0,0,0,0,edge_robo,tor,nokia,7215 IXS-A1,['7215 IXS-A1'],122.7219673
0,0,0,0,0,0,36,0,0,ai_gpu,leaf,nokia,7250 IXR-X3b,['7250 IXR-X3b'],48124.04366
0,0,0,0,0,30,18,0,0,cloud,leaf,nokia,7220 IXR-H5-32D,['7220 IXR-H5-32D'],88123.0616
0,11,0,0,0,0,0,0,0,edge_robo,tor,nokia,7220 IXR-D2L,['7220 IXR-D2L'],6119.281517
0,0,0,0,16,0,0,0,0,cloud,edge,nokia,7220 IXR-D3L,['7220 IXR-D3L'],9919.48152
0,0,0,0,28,0,8,0,0,ai_gpu,edge,nokia,7220 IXR-D4,['7220 IXR-D4'],19192.88709
0,29,2,0,0,0,0,0,0,edge_robo,tor,nokia,7220 IXR-D2L,['7220 IXR-D2L'],6119.281517
0,0,0,0,0,60,32,0,0,cloud,leaf,nokia,7220 IXR-H5-32D,['7220 IXR-H5-32D'],88123.0616
0,0,6,0,0,0,0,0,0,edge_robo,edge,nokia,7220 IXR-D2L,['7220 IXR-D2L'],6119.281517
0,0,0,0,92,0,0,0,0,cloud,spine,nokia,7250 IXR-6e,"['60-port 100GE', '60-port 100GE']",38385.77418
0,0,0,0,0,46,0,16,0,cloud,leaf,nokia,7220 IXR-H5-32D,['7220 IXR-H5-32D'],88123.0616
0,28,8,0,0,0,0,0,0,enterprise,leaf,nokia,7220 IXR-D2L,['7220 IXR-D2L'],6119.281517
0,0,0,0,0,0,0,0,30,ai_gpu,spine,nokia,,[],
0,0,0,0,36,0,4,4,0,ai_gpu,tor,nokia,7220 IXR-H5-32D,['7220 IXR-H5-32D'],88123.0616
0,0,0,0,0,34,0,0,0,cloud,spine,nokia,7220 IXR-H2,['7220 IXR-H2'],42525.74822
0,0,0,0,0,0,80,6,0,cloud,tor,nokia,7220 IXR-H5-64D,['7220 IXR-H5-64D'],88123.0616
0,0,0,0,66,0,0,0,0,cloud,edge,nokia,7250 IXR-X1b,['7250 IXR-X1b'],23242.38103
0,0,0,0,0,0,20,16,0,ai_gpu,leaf,nokia,7220 IXR-H5-32D,['7220 IXR-H5-32D'],88123.0616
0,0,0,0,0,38,8,6,0,ai_gpu,tor,nokia,7220 IXR-H5-32D,['7220 IXR-H5-32D'],88123.0616
0,0,0,0,0,66,6,14,0,cloud,tor,nokia,7220 IXR-H5-64D,['7220 IXR-H5-64D'],88123.0616
0,0,0,0,34,0,14,0,0,ai_gpu,tor,nokia,7220 IXR-H2,['7220 IXR-H2'],42525.74822
0,0,0,0,58,0,0,0,0,enterprise,leaf,nokia,7250 IXR-6e,['60-port 100GE'],19192.88709
0,0,0,0,0,48,18,6,0,cloud,tor,nokia,7220 IXR-H5-32D,['7220 IXR-H5-32D'],88123.0616
0,0,0,0,0,16,0,4,0,cloud,leaf,nokia,7220 IXR-H5-32D,['7220 IXR-H5-32D'],88123.0616
0,0,0,0,56,0,0,0,0,cloud,leaf,nokia,7250 IXR-6e,['60-port 100GE'],19192.88709
0,0,0,0,0,28,0,12,0,cloud,leaf,nokia,7220 IXR-H5-32D,['7220 IXR-H5-32D'],88123.0616
0,0,2,0,0,0,0,0,0,edge_robo,edge,nokia,7220 IXR-D2L,['7220 IXR-D2L'],6119.281517
0,0,0,0,0,0,0,48,0,cloud,spine,nokia,7220 IXR-H5-64D,['7220 IXR-H5-64D'],88123.0616
0,0,0,0,0,0,32,0,0,cloud,spine,nokia,7220 IXR-H2,['7220 IXR-H2'],42525.74822
0,0,0,36,0,0,0,0,0,enterprise,spine,nokia,7250 IXR-6e,['60-port 100GE'],19192.88709
0,0,0,0,4,0,0,0,0,enterprise,edge,nokia,7220 IXR-D2L,['7220 IXR-D2L'],6119.281517
0,0,52,0,4,0,2,0,0,ai_gpu,edge,nokia,7250 IXR-X1b,['7250 IXR-X1b'],23242.38103
0,0,0,0,70,0,18,0,0,cloud,edge,nokia,7250 IXR-X3b,['7250 IXR-X3b'],48124.04366
0,0,0,0,0,0,24,12,0,ai_gpu,leaf,nokia,7220 IXR-H5-32D,['7220 IXR-H5-32D'],88123.0616
0,0,50,0,8,0,2,0,0,ai_gpu,edge,nokia,7250 IXR-X1b,['7250 IXR-X1b'],23242.38103
0,0,0,0,48,0,16,0,0,ai_gpu,edge,nokia,7220 IXR-H2,['7220 IXR-H2'],42525.74822
0,0,0,0,0,0,12,0,0,cloud,edge,nokia,7250 IXR-X1b,['7250 IXR-X1b'],23242.38103
0,0,48,12,0,0,0,0,0,enterprise,leaf,nokia,7220 IXR-D3L,['7220 IXR-D3L'],9919.48152
0,0,0,0,0,0,0,22,0,enterprise,spine,nokia,7220 IXR-H5-32D,['7220 IXR-H5-32D'],88123.0616
0,42,6,0,0,0,0,0,0,enterprise,edge,nokia,7220 IXR-D2L,['7220 IXR-D2L'],6119.281517
0,0,21,0,9,0,0,0,0,edge_robo,leaf,nokia,7220 IXR-D3L,['7220 IXR-D3L'],9919.48152
0,0,0,34,0,0,0,0,0,enterprise,spine,nokia,7250 IXR-6e,['60-port 100GE'],19192.88709
0,48,0,0,4,0,0,0,0,enterprise,edge,nokia,7220 IXR-D2L,['7220 IXR-D2L'],6119.281517
31,2,0,0,0,0,0,0,0,edge_robo,tor,nokia,7215 IXS-A1,['7215 IXS-A1'],122.7219673
0,0,0,0,0,0,46,12,0,ai_gpu,tor,nokia,7220 IXR-H5-64D,['7220 IXR-H5-64D'],88123.0616
0,0,0,0,6,0,0,0,0,edge_robo,edge,nokia,7220 IXR-D2L,['7220 IXR-D2L'],6119.281517
0,12,0,0,0,0,0,0,0,edge_robo,edge,nokia,7220 IXR-D2L,['7220 IXR-D2L'],6119.281517
0,56,22,0,0,0,0,0,0,enterprise,leaf,nokia,7220 IXR-D3L,['7220 IXR-D3L'],9919.48152
0,0,0,0,0,0,0,62,0,ai_gpu,spine,nokia,7220 IXR-H5-64D,['7220 IXR-H5-64D'],88123.0616
0,0,0,0,0,34,2,2,0,ai_gpu,edge,nokia,7220 IXR-H5-32D,['7220 IXR-H5-32D'],88123.0616
0,4,0,0,0,0,0,0,0,edge_robo,edge,nokia,7215 IXS-A1,['7215 IXS-A1'],122.7219673
0,48,8,0,2,0,0,0,0,enterprise,tor,nokia,7220 IXR-D3L,['7220 IXR-D3L'],9919.48152
0,0,0,60,0,0,0,0,0,enterprise,spine,nokia,7250 IXR-6e,['60-port 100GE'],19192.88709
0,0,0,0,0,0,0,20,0,ai_gpu,spine,nokia,7220 IXR-H5-32D,['7220 IXR-H5-32D'],88123.0616
0,0,0,0,0,0,26,0,0,ai_gpu,leaf,nokia,7220 IXR-H2,['7220 IXR-H2'],42525.74822
0,0,0,0,0,0,48,18,0,ai_gpu,leaf,nokia,7220 IXR-H5-64D,['7220 IXR-H5-64D'],88123.0616
0,0,0,0,0,30,20,0,0,cloud,leaf,nokia,7220 IXR-H5-32D,['7220 IXR-H5-32D'],88123.0616
0,26,12,0,0,0,0,0,0,enterprise,leaf,nokia,7220 IXR-D2L,['7220 IXR-D2L'],6119.281517
0,0,0,0,0,0,0,32,0,ai_gpu,spine,nokia,7220 IXR-H5-32D,['7220 IXR-H5-32D'],88123.0616
0,0,36,0,0,0,4,0,0,cloud,leaf,nokia,7220 IXR-D4,['7220 IXR-D4'],19192.88709
0,0,0,0,52,0,12,6,0,ai_gpu,tor,nokia,7220 IXR-H5-32D,['7220 IXR-H5-32D'],88123.0616
0,32,0,3,0,0,0,0,0,edge_robo,tor,nokia,7220 IXR-D2L,['7220 IXR-D2L'],6119.281517
0,0,0,0,0,0,46,8,0,cloud,edge,nokia,7220 IXR-H5-32D,['7220 IXR-H5-32D'],88123.0616
0,0,0,0,78,4,12,0,0,cloud,tor,nokia,7220 IXR-H5-32D,['7220 IXR-H5-32D'],88123.0616
0,0,0,0,24,0,0,0,0,enterprise,spine,nokia,7220 IXR-D3L,['7220 IXR-D3L'],9919.48152
0,0,0,0,0,0,70,8,0,cloud,tor,nokia,7220 IXR-H5-64D,['7220 IXR-H5-64D'],88123.0616
0,0,0,0,84,0,0,0,0,cloud,edge,nokia,7250 IXR-6e,"['60-port 100GE', '60-port 100GE']",38385.77418
0,0,0,0,0,16,8,0,0,ai_gpu,leaf,nokia,7220 IXR-H2,['7220 IXR-H2'],42525.74822
0,0,5,0,0,0,0,0,0,edge_robo,edge,nokia,7220 IXR-D2L,['7220 IXR-D2L'],6119.281517
0,0,0,0,68,0,0,0,0,cloud,edge,nokia,7250 IXR-X1b,['7250 IXR-X1b'],23242.38103
0,0,0,0,0,64,18,8,0,ai_gpu,tor,nokia,7220 IXR-H5-64D,['7220 IXR-H5-64D'],88123.0616
0,9,4,0,0,0,0,0,0,edge_robo,leaf,nokia,7220 IXR-D2L,['7220 IXR-D2L'],6119.281517
0,0,0,0,0,0,72,0,0,ai_gpu,leaf,nokia,7220 IXR-H5-64D,['7220 IXR-H5-64D'],88123.0616
0,52,0,0,2,0,0,0,0,enterprise,edge,nokia,7220 IXR-D3L,['7220 IXR-D3L'],9919.48152
0,0,0,0,0,0,34,26,0,ai_gpu,tor,nokia,7220 IXR-H5-64D,['7220 IXR-H5-64D'],88123.0616
0,0,0,0,0,0,0,40,0,ai_gpu,leaf,nokia,7220 IXR-H5-64D,['7220 IXR-H5-64D'],88123.0616
0,0,0,0,0,0,0,10,0,enterprise,spine,nokia,7220 IXR-H5-32D,['7220 IXR-H5-32D'],88123.0616
20,0,0,0,0,0,0,0,0,edge_robo,spine,nokia,7215 IXS-A1,['7215 IXS-A1'],122.7219673
0,0,0,0,0,0,0,24,0,ai_gpu,leaf,nokia,7220 IXR-H5-32D,['7220 IXR-H5-32D'],88123.0616
0,59,0,0,0,0,0,0,0,edge_robo,tor,nokia,7220 IXR-D3L,['7220 IXR-D3L'],9919.48152
0,0,0,0,46,0,0,0,0,ai_gpu,spine,nokia,7250 IXR-6e,['60-port 100GE'],19192.88709
0,0,0,0,0,56,24,0,0,cloud,leaf,nokia,7220 IXR-H5-32D,['7220 IXR-H5-32D'],88123.0616
0,0,0,0,46,0,18,0,0,cloud,edge,nokia,7220 IXR-H2,['7220 IXR-H2'],42525.74822
0,41,4,0,0,0,0,0,0,edge_robo,tor,nokia,7220 IXR-D2L,['7220 IXR-D2L'],6119.281517
0,58,5,0,0,0,0,0,0,edge_robo,tor,nokia,7220 IXR-D3L,['7220 IXR-D3L'],9919.48152
0,0,0,0,0,0,0,10,0,ai_gpu,spine,nokia,7220 IXR-H5-32D,['7220 IXR-H5-32D'],88123.0616
0,0,0,0,16,0,0,0,0,cloud,spine,nokia,7220 IXR-D3L,['7220 IXR-D3L'],9919.48152
0,0,0,0,34,22,4,0,0,cloud,tor,nokia,7220 IXR-H2,['7220 IXR-H2'],42525.74822
0,0,0,0,74,0,0,0,0,enterprise,spine,nokia,7250 IXR-6e,"['60-port 100GE', '60-port 100GE']",38385.77418
0,43,0,0,7,0,0,0,0,edge_robo,leaf,nokia,7220 IXR-D2L,['7220 IXR-D2L'],6119.281517
0,50,0,8,6,0,0,0,0,enterprise,tor,nokia,7220 IXR-D3L,['7220 IXR-D3L'],9919.48152
0,0,0,0,0,0,52,0,0,cloud,edge,nokia,7220 IXR-H5-32D,['7220 IXR-H5-32D'],88123.0616
0,0,52,0,2,0,4,0,0,ai_gpu,edge,nokia,7250 IXR-X1b,['7250 IXR-X1b'],23242.38103
0,0,6,0,2,0,0,0,0,enterprise,leaf,nokia,7220 IXR-D2L,['7220 IXR-D2L'],6119.281517
0,0,0,0,18,0,6,0,0,cloud,leaf,nokia,7220 IXR-D4,['7220 IXR-D4'],19192.88709
0,0,0,0,18,0,8,0,0,cloud,tor,nokia,7220 IXR-D4,['7220 IXR-D4'],19192.88709
0,0,0,0,0,16,10,0,0,cloud,edge,nokia,7220 IXR-H2,['7220 IXR-H2'],42525.74822
0,0,0,0,0,0,0,56,0,ai_gpu,spine,nokia,7220 IXR-H5-64D,['7220 IXR-H5-64D'],88123.0616
58,2,0,0,0,0,0,0,0,edge_robo,tor,nokia,,[],
0,0,0,0,0,0,12,4,0,cloud,leaf,nokia,7220 IXR-H5-32D,['7220 IXR-H5-32D'],88123.0616
0,51,0,0,10,0,0,0,0,edge_robo,leaf,nokia,7220 IXR-D3L,['7220 IXR-D3L'],9919.48152
0,0,48,0,10,0,0,0,0,enterprise,edge,nokia,7220 IXR-D3L,['7220 IXR-D3L'],9919.48152
0,0,0,0,80,0,0,0,0,cloud,spine,nokia,7250 IXR-6e,"['60-port 100GE', '60-port 100GE']",38385.77418
18,2,0,0,0,0,0,0,0,enterprise,edge,nokia,7215 IXS-A1,['7215 IXS-A1'],122.7219673
0,0,10,0,2,0,0,0,0,enterprise,edge,nokia,7220 IXR-D2L,['7220 IXR-D2L'],6119.281517
0,0,22,0,4,0,0,0,0,enterprise,edge,nokia,7220 IXR-D2L,['7220 IXR-D2L'],6119.281517
0,0,18,6,0,0,0,0,0,enterprise,leaf,nokia,7220 IXR-D2L,['7220 IXR-D2L'],6119.281517
13,1,0,0,0,0,0,0,0,edge_robo,leaf,nokia,7215 IXS-A1,['7215 IXS-A1'],122.7219673
0,0,0,0,0,0,40,0,0,ai_gpu,leaf,nokia,7220 IXR-H5-32D,['7220 IXR-H5-32D'],88123.0616
0,0,0,0,30,0,0,0,0,enterprise,spine,nokia,7220 IXR-D3L,['7220 IXR-D3L'],9919.48152
76,2,0,2,0,0,0,0,0,enterprise,tor,nokia,,[],
0,0,0,0,0,0,0,8,0,ai_gpu,spine,nokia,7220 IXR-H5-32D,['7220 IXR-H5-32D'],88123.0616
0,24,0,0,4,0,0,0,0,enterprise,edge,nokia,7220 IXR-D2L,['7220 IXR-D2L'],6119.281517
0,0,0,0,0,0,28,10,0,ai_gpu,tor,nokia,7220 IXR-H5-32D,['7220 IXR-H5-32D'],88123.0616
0,0,16,4,0,0,0,0,0,enterprise,leaf,nokia,7220 IXR-D2L,['7220 IXR-D2L'],6119.281517
0,0,30,0,0,0,0,0,0,edge_robo,spine,nokia,7220 IXR-D2L,['7220 IXR-D2L'],6119.281517
0,0,0,0,0,0,78,12,0,ai_gpu,tor,nokia,7220 IXR-H5-64D,['7220 IXR-H5-64D'],88123.0616
0,0,0,0,0,0,36,0,0,enterprise,spine,nokia,7250 IXR-X3b,['7250 IXR-X3b'],48124.04366
0,0,0,0,0,36,12,0,0,ai_gpu,leaf,nokia,7220 IXR-H2,['7220 IXR-H2'],42525.74822
0,0,56,0,24,0,0,0,0,enterprise,leaf,nokia,7250 IXR-6e,['60-port 100GE'],19192.88709
0,0,13,0,0,0,0,0,0,edge_robo,spine,nokia,7220 IXR-D2L,['7220 IXR-D2L'],6119.281517
0,0,0,0,16,0,0,0,0,cloud,leaf,nokia,7220 IXR-D3L,['7220 IXR-D3L'],9919.48152
0,0,0,0,0,0,10,10,0,ai_gpu,leaf,nokia,7220 IXR-H5-32D,['7220 IXR-H5-32D'],88123.0616
0,0,52,0,6,0,2,0,0,ai_gpu,edge,nokia,7250 IXR-X1b,['7250 IXR-X1b'],23242.38103
0,0,0,0,0,32,12,0,0,cloud,edge,nokia,7220 IXR-H2,['7220 IXR-H2'],42525.74822
0,23,0,0,1,0,0,0,0,edge_robo,leaf,nokia,7220 IXR-D2L,['7220 IXR-D2L'],6119.281517
0,0,0,0,0,0,40,0,0,ai_gpu,leaf,nokia,7220 IXR-H5-32D,['7220 IXR-H5-32D'],88123.0616
0,0,0,0,0,40,4,12,0,ai_gpu,edge,nokia,7220 IXR-H5-32D,['7220 IXR-H5-32D'],88123.0616
0,0,18,0,0,0,0,0,0,enterprise,spine,nokia,7220 IXR-D2L,['7220 IXR-D2L'],6119.281517
0,0,0,0,0,60,0,0,0,cloud,spine,nokia,7220 IXR-H2,['7220 IXR-H2'],42525.74822
0,0,0,0,28,0,0,0,0,cloud,leaf,nokia,7220 IXR-D3L,['7220 IXR-D3L'],9919.48152
0,0,0,0,0,0,0,24,0,enterprise,spine,nokia,7220 IXR-H5-32D,['7220 IXR-H5-32D'],88123.0616
0,0,42,0,4,0,0,0,0,enterprise,edge,nokia,7220 IXR-D2L,['7220 IXR-D2L'],6119.281517
0,11,0,0,0,0,0,0,0,edge_robo,edge,nokia,7220 IXR-D2L,['7220 IXR-D2L'],6119.281517
0,0,0,0,28,0,4,4,0,ai_gpu,edge,nokia,7220 IXR-H5-32D,['7220 IXR-H5-32D'],88123.0616
16,1,0,0,0,0,0,0,0,edge_robo,tor,nokia,7215 IXS-A1,['7215 IXS-A1'],122.7219673
0,0,68,0,6,0,4,0,0,cloud,tor,nokia,7250 IXR-X1b,['7250 IXR-X1b'],23242.38103
0,0,0,0,0,0,22,8,0,cloud,edge,nokia,7220 IXR-H5-32D,['7220 IXR-H5-32D'],88123.0616
0,0,21,0,0,0,0,0,0,edge_robo,spine,nokia,7220 IXR-D2L,['7220 IXR-D2L'],6119.281517
0,0,37,0,5,0,0,0,0,edge_robo,tor,nokia,7220 IXR-D2L,['7220 IXR-D2L'],6119.281517
7,0,0,0,0,0,0,0,0,edge_robo,edge,nokia,7215 IXS-A1,['7215 IXS-A1'],122.7219673
0,0,0,0,76,6,12,0,0,ai_gpu,tor,nokia,7220 IXR-H5-32D,['7220 IXR-H5-32D'],88123.0616
0,0,0,32,0,0,0,0,0,enterprise,spine,nokia,7220 IXR-D3L,['7220 IXR-D3L'],9919.48152
0,0,4,0,2,0,0,0,0,enterprise,edge,nokia,7220 IXR-D2L,['7220 IXR-D2L'],6119.281517
0,0,0,0,24,0,4,0,0,ai_gpu,edge,nokia,7220 IXR-D4,['7220 IXR-D4'],19192.88709
0,0,0,0,0,18,4,0,0,cloud,edge,nokia,7220 IXR-H2,['7220 IXR-H2'],42525.74822
0,0,0,0,0,0,64,0,0,ai_gpu,spine,nokia,7220 IXR-H5-32D,['7220 IXR-H5-32D'],88123.0616
0,0,0,0,44,0,16,0,0,ai_gpu,edge,nokia,7220 IXR-H2,['7220 IXR-H2'],42525.74822
0,0,0,0,0,0,2,0,0,edge_robo,edge,nokia,7220 IXR-D4,['7220 IXR-D4'],19192.88709
0,0,0,0,0,32,20,0,0,ai_gpu,leaf,nokia,7220 IXR-H5-32D,['7220 IXR-H5-32D'],88123.0616
0,0,0,0,0,0,38,0,0,enterprise,edge,nokia,7220 IXR-H5-32D,['7220 IXR-H5-32D'],88123.0616
0,0,30,0,4,0,0,0,0,enterprise,leaf,nokia,7220 IXR-D2L,['7220 IXR-D2L'],6119.281517
0,0,0,0,58,14,10,0,0,cloud,tor,nokia,7220 IXR-H2,['7220 IXR-H2'],42525.74822
0,0,54,0,16,0,2,0,0,enterprise,tor,nokia,7250 IXR-X1b,['7250 IXR-X1b'],23242.38103
0,70,0,0,4,0,0,0,0,enterprise,leaf,nokia,7220 IXR-D3L,['7220 IXR-D3L'],9919.48152
0,0,0,0,0,0,44,42,0,ai_gpu,tor,nokia,7220 IXR-H5-64D,['7220 IXR-H5-64D'],88123.0616
0,0,0,0,80,0,0,0,0,enterprise,spine,nokia,7250 IXR-6e,"['60-port 100GE', '60-port 100GE']",38385.77418
0,13,2,0,0,0,0,0,0,edge_robo,leaf,nokia,7220 IXR-D2L,['7220 IXR-D2L'],6119.281517
0,0,0,0,0,0,0,32,0,ai_gpu,leaf,nokia,7220 IXR-H5-32D,['7220 IXR-H5-32D'],88123.0616
0,0,17,0,4,0,0,0,0,edge_robo,leaf,nokia,7220 IXR-D2L,['7220 IXR-D2L'],6119.281517
51,1,0,0,0,0,0,0,0,edge_robo,tor,nokia,7215 IXS-A1,['7215 IXS-A1'],122.7219673
0,0,0,0,32,0,0,0,0,cloud,leaf,nokia,7220 IXR-D3L,['7220 IXR-D3L'],9919.48152
3,0,0,0,0,0,0,0,0,edge_robo,edge,nokia,7215 IXS-A1,['7215 IXS-A1'],122.7219673
0,52,6,0,2,0,0,0,0,enterprise,tor,nokia,7220 IXR-D3L,['7220 IXR-D3L'],9919.48152
0,19,0,0,0,0,0,0,0,edge_robo,spine,nokia,7220 IXR-D2L,['7220 IXR-D2L'],6119.281517
0,0,0,0,0,0,0,28,0,ai_gpu,spine,nokia,7220 IXR-H5-32D,['7220 IXR-H5-32D'],88123.0616
0,0,20,0,4,0,0,0,0,enterprise,edge,nokia,7220 IXR-D2L,['7220 IXR-D2L'],6119.281517
0,0,0,0,0,0,48,0,0,ai_gpu,spine,nokia,7220 IXR-H5-32D,['7220 IXR-H5-32D'],88123.0616
7,0,0,0,0,0,0,0,0,edge_robo,edge,nokia,7215 IXS-A1,['7215 IXS-A1'],122.7219673
0,42,0,0,0,0,0,0,0,edge_robo,leaf,nokia,7220 IXR-D2L,['7220 IXR-D2L'],6119.281517
0,0,0,0,62,4,4,0,0,cloud,tor,nokia,7220 IXR-H2,['7220 IXR-H2'],42525.74822
0,0,24,0,6,0,0,0,0,enterprise,leaf,nokia,7220 IXR-D2L,['7220 IXR-D2L'],6119.281517
0,37,0,0,2,0,0,0,0,edge_robo,leaf,nokia,7220 IXR-D2L,['7220 IXR-D2L'],6119.281517
0,0,0,0,52,10,0,4,0,cloud,tor,nokia,7220 IXR-H5-32D,['7220 IXR-H5-32D'],88123.0616
0,0,0,0,68,14,8,0,0,cloud,tor,nokia,7220 IXR-H2,['7220 IXR-H2'],42525.74822
0,0,0,0,74,4,8,0,0,cloud,tor,nokia,7220 IXR-H2,['7220 IXR-H2'],42525.74822
0,0,0,0,31,0,8,0,0,edge_robo,leaf,nokia,7250 IXR-X1b,['7250 IXR-X1b'],23242.38103
0,0,0,0,44,0,18,0,0,cloud,tor,nokia,7220 IXR-H2,['7220 IXR-H2'],42525.74822
0,0,0,0,0,0,32,0,0,enterprise,edge,nokia,7220 IXR-H2,['7220 IXR-H2'],42525.74822
0,0,0,0,4,0,0,0,0,edge_robo,edge,nokia,7220 IXR-D2L,['7220 IXR-D2L'],6119.281517
0,0,0,0,0,0,36,12,0,ai_gpu,tor,nokia,7220 IXR-H5-32D,['7220 IXR-H5-32D'],88123.0616
0,40,2,0,0,0,0,0,0,edge_robo,tor,nokia,7220 IXR-D2L,['7220 IXR-D2L'],6119.281517
0,0,54,0,6,0,0,0,0,enterprise,leaf,nokia,7220 IXR-D3L,['7220 IXR-D3L'],9919.48152
27,1,0,0,0,0,0,0,0,edge_robo,tor,nokia,7215 IXS-A1,['7215 IXS-A1'],122.7219673
0,0,72,0,8,0,4,0,0,cloud,tor,nokia,7250 IXR-X1b,['7250 IXR-X1b'],23242.38103
0,64,6,0,4,0,0,0,0,enterprise,tor,nokia,7220 IXR-D3L,['7220 IXR-D3L'],9919.48152
0,0,0,0,0,0,64,0,0,cloud,edge,nokia,7220 IXR-H5-32D,['7220 IXR-H5-32D'],88123.0616
0,0,0,0,64,14,8,0,0,cloud,tor,nokia,7220 IXR-H2,['7220 IXR-H2'],42525.74822
0,0,0,0,0,44,18,0,0,cloud,edge,nokia,7220 IXR-H5-32D,['7220 IXR-H5-32D'],88123.0616
0,0,0,60,0,0,0,0,0,enterprise,spine,nokia,7250 IXR-6e,['60-port 100GE'],19192.88709
0,0,0,0,0,30,14,2,0,ai_gpu,edge,nokia,7220 IXR-H5-32D,['7220 IXR-H5-32D'],88123.0616
0,0,0,0,58,0,26,0,0,cloud,edge,nokia,7220 IXR-H5-32D,['7220 IXR-H5-32D'],88123.0616
0,0,29,0,0,0,0,0,0,edge_robo,spine,nokia,7220 IXR-D2L,['7220 IXR-D2L'],6119.281517
0,0,0,0,0,0,40,20,0,ai_gpu,tor,nokia,7220 IXR-H5-64D,['7220 IXR-H5-64D'],88123.0616
0,14,0,2,0,0,0,0,0,enterprise,leaf,nokia,7220 IXR-D2L,['7220 IXR-D2L'],6119.281517
0,0,3,0,0,0,0,0,0,edge_robo,edge,nokia,7220 IXR-D2L,['7220 IXR-D2L'],6119.281517
27,1,0,0,0,0,0,0,0,edge_robo,tor,nokia,7215 IXS-A1,['7215 IXS-A1'],122.7219673
0,0,0,0,0,40,6,2,0,ai_gpu,edge,nokia,7220 IXR-H5-32D,['7220 IXR-H5-32D'],88123.0616
0,0,0,0,0,0,12,4,0,ai_gpu,leaf,nokia,7220 IXR-H5-32D,['7220 IXR-H5-32D'],88123.0616
0,0,0,0,0,0,14,6,0,ai_gpu,leaf,nokia,7220 IXR-H5-32D,['7220 IXR-H5-32D'],88123.0616
0,0,0,0,0,26,8,0,0,cloud,leaf,nokia,7220 IXR-H2,['7220 IXR-H2'],42525.74822
0,0,0,0,10,8,0,0,0,cloud,leaf,nokia,7220 IXR-D4,['7220 IXR-D4'],19192.88709
0,0,46,0,0,0,0,0,0,edge_robo,leaf,nokia,7220 IXR-D2L,['7220 IXR-D2L'],6119.281517
4,0,0,0,0,0,0,0,0,edge_robo,edge,nokia,7215 IXS-A1,['7215 IXS-A1'],122.7219673
0,0,54,0,0,0,0,0,0,enterprise,spine,nokia,7220 IXR-D3L,['7220 IXR-D3L'],9919.48152
0,50,2,0,2,0,0,0,0,enterprise,tor,nokia,7220 IXR-D3L,['7220 IXR-D3L'],9919.48152
0,0,0,0,0,0,34,14,0,ai_gpu,leaf,nokia,7220 IXR-H5-32D,['7220 IXR-H5-32D'],88123.0616
0,0,0,0,0,0,54,0,0,cloud,leaf,nokia,7220 IXR-H5-32D,['7220 IXR-H5-32D'],88123.0616
0,7,1,0,0,0,0,0,0,edge_robo,tor,nokia,7220 IXR-D2L,['7220 IXR-D2L'],6119.281517
0,0,0,0,52,0,0,0,0,enterprise,leaf,nokia,7250 IXR-6e,['60-port 100GE'],19192.88709
23,1,0,0,0,0,0,0,0,edge_robo,leaf,nokia,7215 IXS-A1,['7215 IXS-A1'],122.7219673
0,0,0,0,40,0,0,0,0,enterprise,edge,nokia,7250 IXR-6e,['60-port 100GE'],19192.88709
0,0,0,0,0,10,4,0,0,cloud,leaf,nokia,7220 IXR-H2,['7220 IXR-H2'],42525.74822
0,0,34,18,0,0,0,0,0,enterprise,leaf,nokia,7220 IXR-D3L,['7220 IXR-D3L'],9919.48152
0,0,0,0,0,0,0,54,0,ai_gpu,spine,nokia,7220 IXR-H5-64D,['7220 IXR-H5-64D'],88123.0616
0,42,0,0,8,0,0,0,0,edge_robo,leaf,nokia,7220 IXR-D2L,['7220 IXR-D2L'],6119.281517
0,0,0,0,10,0,0,0,0,edge_robo,spine,nokia,7220 IXR-D3L,['7220 IXR-D3L'],9919.48152
0,0,0,0,0,28,0,0,0,enterprise,spine,nokia,7220 IXR-H2,['7220 IXR-H2'],42525.74822
0,23,0,0,0,0,0,0,0,edge_robo,leaf,nokia,7220 IXR-D2L,['7220 IXR-D2L'],6119.281517
0,0,0,0,0,0,24,0,0,cloud,spine,nokia,7220 IXR-H2,['7220 IXR-H2'],42525.74822
0,13,0,0,0,0,0,0,0,edge_robo,tor,nokia,7220 IXR-D2L,['7220 IXR-D2L'],6119.281517
0,0,16,0,6,0,0,0,0,cloud,leaf,nokia,7220 IXR-D2L,['7220 IXR-D2L'],6119.281517
0,0,0,0,26,10,6,0,0,ai_gpu,tor,nokia,7220 IXR-H2,['7220 IXR-H2'],42525.74822
0,0,0,0,34,6,8,0,0,cloud,tor,nokia,7220 IXR-H2,['7220 IXR-H2'],42525.74822
0,57,3,0,0,0,0,0,0,edge_robo,tor,nokia,7220 IXR-D3L,['7220 IXR-D3L'],9919.48152
0,0,0,0,16,0,4,0,0,cloud,leaf,nokia,7220 IXR-D4,['7220 IXR-D4'],19192.88709
0,0,0,0,0,0,34,22,0,ai_gpu,tor,nokia,7220 IXR-H5-64D,['7220 IXR-H5-64D'],88123.0616
0,0,0,0,38,0,10,0,0,ai_gpu,edge,nokia,7220 IXR-H2,['7220 IXR-H2'],42525.74822
0,0,0,0,0,0,0,24,0,cloud,spine,nokia,7220 IXR-H5-32D,['7220 IXR-H5-32D'],88123.0616
0,0,0,0,0,54,18,4,0,ai_gpu,tor,nokia,7220 IXR-H5-32D,['7220 IXR-H5-32D'],88123.0616
0,0,0,0,28,0,0,0,0,cloud,spine,nokia,7220 IXR-D3L,['7220 IXR-D3L'],9919.48152
0,0,0,0,122,0,0,0,0,cloud,spine,nokia,7220 IXR-H2,['7220 IXR-H2'],42525.74822
0,0,0,0,0,54,0,0,0,enterprise,spine,nokia,7220 IXR-H2,['7220 IXR-H2'],42525.74822
0,0,0,0,0,0,0,24,0,ai_gpu,leaf,nokia,7220 IXR-H5-32D,['7220 IXR-H5-32D'],88123.0616
0,0,0,0,60,0,0,0,0,cloud,edge,nokia,7250 IXR-6e,['60-port 100GE'],19192.88709
0,0,48,0,2,0,4,0,0,enterprise,tor,nokia,7250 IXR-X1b,['7250 IXR-X1b'],23242.38103
0,29,0,0,0,0,0,0,0,edge_robo,spine,nokia,7220 IXR-D2L,['7220 IXR-D2L'],6119.281517
0,0,0,0,50,0,10,0,0,enterprise,leaf,nokia,7220 IXR-H2,['7220 IXR-H2'],42525.74822
0,58,12,0,4,0,0,0,0,enterprise,tor,nokia,7220 IXR-D3L,['7220 IXR-D3L'],9919.48152
0,0,0,0,16,0,0,0,0,cloud,edge,nokia,7220 IXR-D3L,['7220 IXR-D3L'],9919.48152
0,0,0,0,0,42,4,2,0,ai_gpu,edge,nokia,7220 IXR-H5-32D,['7220 IXR-H5-32D'],88123.0616
0,0,0,0,0,0,48,6,0,ai_gpu,tor,nokia,7220 IXR-H5-32D,['7220 IXR-H5-32D'],88123.0616
0,0,0,0,0,0,14,6,0,ai_gpu,leaf,nokia,7220 IXR-H5-32D,['7220 IXR-H5-32D'],88123.0616
0,0,0,0,0,42,0,12,0,ai_gpu,leaf,nokia,7220 IXR-H5-32D,['7220 IXR-H5-32D'],88123.0616
0,0,0,0,0,0,26,4,0,cloud,tor,nokia,7220 IXR-H5-32D,['7220 IXR-H5-32D'],88123.0616
0,0,0,0,0,12,4,2,0,ai_gpu,edge,nokia,7220 IXR-H5-32D,['7220 IXR-H5-32D'],88123.0616
0,0,0,0,0,0,20,4,0,cloud,edge,nokia,7220 IXR-H5-32D,['7220 IXR-H5-32D'],88123.0616
0,0,0,0,56,8,0,10,0,cloud,tor,nokia,7220 IXR-H5-32D,['7220 IXR-H5-32D'],88123.0616
0,42,0,0,6,0,0,0,0,enterprise,edge,nokia,7220 IXR-D2L,['7220 IXR-D2L'],6119.281517
0,0,0,0,62,0,4,0,0,cloud,edge,nokia,7220 IXR-H2,['7220 IXR-H2'],42525.74822
0,0,64,14,0,0,0,0,0,enterprise,leaf,nokia,7220 IXR-D3L,['7220 IXR-D3L'],9919.48152
0,0,0,0,10,2,0,0,0,cloud,edge,nokia,7220 IXR-D4,['7220 IXR-D4'],19192.88709
0,54,0,0,0,0,0,0,0,edge_robo,tor,nokia,7220 IXR-D3L,['7220 IXR-D3L'],9919.48152
0,0,0,0,0,44,18,0,0,ai_gpu,leaf,nokia,7220 IXR-H5-32D,['7220 IXR-H5-32D'],88123.0616
36,6,0,0,0,0,0,0,0,enterprise,edge,nokia,7220 IXR-D2L,['7220 IXR-D2L'],6119.281517
0,0,0,0,0,0,48,14,0,cloud,tor,nokia,7220 IXR-H5-64D,['7220 IXR-H5-64D'],88123.0616
30,5,0,0,0,0,0,0,0,edge_robo,leaf,nokia,7220 IXR-D2L,['7220 IXR-D2L'],6119.281517
0,0,0,0,0,0,44,0,0,ai_gpu,spine,nokia,7220 IXR-H5-32D,['7220 IXR-H5-32D'],88123.0616
0,42,8,0,2,0,0,0,0,enterprise,tor,nokia,7220 IXR-D2L,['7220 IXR-D2L'],6119.281517
0,0,0,26,0,0,0,0,0,enterprise,spine,nokia,7220 IXR-D3L,['7220 IXR-D3L'],9919.48152
0,0,0,0,16,0,2,0,0,cloud,edge,nokia,7220 IXR-D4,['7220 IXR-D4'],19192.88709
52,0,0,0,0,0,0,0,0,edge_robo,tor,nokia,7215 IXS-A1,['7215 IXS-A1'],122.7219673
0,0,0,0,0,0,0,6,0,ai_gpu,spine,nokia,7220 IXR-H5-32D,['7220 IXR-H5-32D'],88123.0616
0,0,0,0,0,0,16,0,0,cloud,edge,nokia,7220 IXR-H2,['7220 IXR-H2'],42525.74822
0,64,0,0,0,0,0,0,0,edge_robo,tor,nokia,7220 IXR-D3L,['7220 IXR-D3L'],9919.48152
0,38,0,4,0,0,0,0,0,enterprise,leaf,nokia,7220 IXR-D2L,['7220 IXR-D2L'],6119.281517
0,10,0,0,0,0,0,0,0,edge_robo,edge,nokia,7220 IXR-D2L,['7220 IXR-D2L'],6119.281517
0,0,0,0,26,0,2,0,0,enterprise,leaf,nokia,7220 IXR-D4,['7220 IXR-D4'],19192.88709
0,0,0,0,0,0,34,20,0,ai_gpu,leaf,nokia,7220 IXR-H5-64D,['7220 IXR-H5-64D'],88123.0616
0,36,0,4,0,0,0,0,0,enterprise,leaf,nokia,7220 IXR-D2L,['7220 IXR-D2L'],6119.281517
0,5,0,0,0,0,0,0,0,edge_robo,edge,nokia,7220 IXR-D2L,['7220 IXR-D2L'],6119.281517
0,14,0,0,0,0,0,0,0,edge_robo,tor,nokia,7220 IXR-D2L,['7220 IXR-D2L'],6119.281517
0,0,54,20,0,0,0,0,0,enterprise,leaf,nokia,7250 IXR-6e,['60-port 100GE'],19192.88709
0,10,0,0,0,0,0,0,0,edge_robo,spine,nokia,7220 IXR-D2L,['7220 IXR-D2L'],6119.281517
0,0,0,0,61,0,0,0,0,edge_robo,leaf,nokia,7250 IXR-X1b,['7250 IXR-X1b'],23242.38103
0,0,40,0,8,0,0,0,0,enterprise,leaf,nokia,7220 IXR-D2L,['7220 IXR-D2L'],6119.281517
0,0,0,0,2,0,0,0,0,edge_robo,edge,nokia,7220 IXR-D2L,['7220 IXR-D2L'],6119.281517
0,16,12,0,0,0,0,0,0,enterprise,edge,nokia,7220 IXR-D2L,['7220 IXR-D2L'],6119.281517
0,0,0,16,0,0,0,0,0,enterprise,spine,nokia,7220 IXR-D3L,['7220 IXR-D3L'],9919.48152
0,0,0,0,0,0,52,12,0,ai_gpu,tor,nokia,7220 IXR-H5-64D,['7220 IXR-H5-64D'],88123.0616
0,0,0,0,0,0,22,0,0,ai_gpu,leaf,nokia,7220 IXR-H2,['7220 IXR-H2'],42525.74822
0,0,7,0,0,0,0,0,0,edge_robo,edge,nokia,7220 IXR-D2L,['7220 IXR-D2L'],6119.281517
0,0,34,0,0,8,0,0,0,enterprise,leaf,nokia,7220 IXR-D4,['7220 IXR-D4'],19192.88709
0,56,0,0,2,0,2,0,0,ai_gpu,edge,nokia,7250 IXR-X1b,['7250 IXR-X1b'],23242.38103
0,0,0,0,0,0,56,28,0,cloud,leaf,nokia,7220 IXR-H5-64D,['7220 IXR-H5-64D'],88123.0616
0,0,0,0,0,0,22,0,0,cloud,edge,nokia,7220 IXR-H2,['7220 IXR-H2'],42525.74822
0,0,0,0,0,0,0,28,0,enterprise,spine,nokia,7220 IXR-H5-32D,['7220 IXR-H5-32D'],88123.0616
0,16,0,0,0,0,0,0,0,edge_robo,leaf,nokia,7220 IXR-D2L,['7220 IXR-D2L'],6119.281517
0,0,0,0,24,0,2,0,0,cloud,edge,nokia,7220 IXR-D4,['7220 IXR-D4'],19192.88709
0,0,0,0,0,0,62,0,0,cloud,leaf,nokia,7220 IXR-H5-32D,['7220 IXR-H5-32D'],88123.0616
0,0,0,0,54,0,0,0,0,cloud,edge,nokia,7250 IXR-6e,['60-port 100GE'],19192.88709
0,0,16,8,0,0,0,0,0,enterprise,leaf,nokia,7220 IXR-D2L,['7220 IXR-D2L'],6119.281517
0,0,0,0,46,0,6,0,0,cloud,edge,nokia,7250 IXR-X1b,['7250 IXR-X1b'],23242.38103
0,0,0,0,38,0,0,0,0,enterprise,edge,nokia,7250 IXR-6e,['60-port 100GE'],19192.88709
0,0,0,0,0,0,0,32,0,cloud,spine,nokia,7220 IXR-H5-32D,['7220 IXR-H5-32D'],88123.0616
0,0,0,0,64,28,0,0,0,cloud,edge,nokia,7220 IXR-H2,['7220 IXR-H2'],42525.74822
0,0,0,0,0,0,22,0,0,cloud,spine,nokia,7220 IXR-H2,['7220 IXR-H2'],42525.74822
0,0,0,0,0,0,34,0,0,ai_gpu,spine,nokia,7250 IXR-X3b,['7250 IXR-X3b'],48124.04366
0,0,0,0,0,0,18,8,0,ai_gpu,leaf,nokia,7220 IXR-H5-32D,['7220 IXR-H5-32D'],88123.0616
39,1,0,0,0,0,0,0,0,edge_robo,tor,nokia,7215 IXS-A1,['7215 IXS-A1'],122.7219673
0,0,0,0,10,2,0,0,0,cloud,edge,nokia,7220 IXR-D4,['7220 IXR-D4'],19192.88709
0,0,50,0,12,0,2,0,0,ai_gpu,edge,nokia,7250 IXR-X1b,['7250 IXR-X1b'],23242.38103
0,0,4,0,0,0,0,0,0,edge_robo,edge,nokia,7220 IXR-D2L,['7220 IXR-D2L'],6119.281517
0,0,0,0,0,0,54,14,0,cloud,tor,nokia,7220 IXR-H5-64D,['7220 IXR-H5-64D'],88123.0616
0,26,0,0,2,0,0,0,0,enterprise,edge,nokia,7220 IXR-D2L,['7220 IXR-D2L'],6119.281517
0,0,0,0,30,26,0,0,0,cloud,edge,nokia,7220 IXR-H2,['7220 IXR-H2'],42525.74822
17,0,0,0,0,0,0,0,0,edge_robo,spine,nokia,7215 IXS-A1,['7215 IXS-A1'],122.7219673
0,38,10,0,0,0,0,0,0,enterprise,leaf,nokia,7220 IXR-D2L,['7220 IXR-D2L'],6119.281517
0,0,0,0,48,0,6,4,0,ai_gpu,tor,nokia,7220 IXR-H5-32D,['7220 IXR-H5-32D'],88123.0616
0,0,0,0,32,0,14,0,0,enterprise,edge,nokia,7220 IXR-H2,['7220 IXR-H2'],42525.74822
0,36,18,0,2,0,0,0,0,enterprise,tor,nokia,7220 IXR-D3L,['7220 IXR-D3L'],9919.48152
0,0,0,0,0,0,28,24,0,ai_gpu,leaf,nokia,7220 IXR-H5-64D,['7220 IXR-H5-64D'],88123.0616
0,0,0,0,32,0,6,0,0,ai_gpu,edge,nokia,7220 IXR-D4,['7220 IXR-D4'],19192.88709
0,0,0,0,0,38,18,0,0,cloud,edge,nokia,7220 IXR-H5-32D,['7220 IXR-H5-32D'],88123.0616
0,0,0,0,0,32,0,0,0,cloud,spine,nokia,7220 IXR-H2,['7220 IXR-H2'],42525.74822
0,0,44,0,0,0,2,0,0,enterprise,leaf,nokia,7250 IXR-X1b,['7250 IXR-X1b'],23242.38103
27,0,0,0,0,0,0,0,0,edge_robo,tor,nokia,7215 IXS-A1,['7215 IXS-A1'],122.7219673
0,54,0,0,2,0,0,0,0,enterprise,edge,nokia,7220 IXR-D3L,['7220 IXR-D3L'],9919.48152
0,0,0,0,0,0,0,20,0,ai_gpu,spine,nokia,7220 IXR-H5-32D,['7220 IXR-H5-32D'],88123.0616
0,0,0,0,28,0,14,0,0,ai_gpu,edge,nokia,7220 IXR-H2,['7220 IXR-H2'],42525.74822
0,0,0,0,0,0,54,0,0,cloud,spine,nokia,7220 IXR-H5-32D,['7220 IXR-H5-32D'],88123.0616
0,0,52,0,22,0,0,0,0,enterprise,leaf,nokia,7250 IXR-6e,['60-port 100GE'],19192.88709
0,0,0,0,8,0,0,0,0,ai_gpu,spine,nokia,7220 IXR-D2L,['7220 IXR-D2L'],6119.281517
0,0,0,0,0,18,12,0,0,cloud,leaf,nokia,7220 IXR-H2,['7220 IXR-H2'],42525.74822
0,0,0,0,0,22,6,4,0,ai_gpu,edge,nokia,7220 IXR-H5-32D,['7220 IXR-H5-32D'],88123.0616
51,1,0,0,0,0,0,0,0,edge_robo,tor,nokia,7215 IXS-A1,['7215 IXS-A1'],122.7219673
0,42,0,0,0,0,0,0,0,edge_robo,leaf,nokia,7220 IXR-D2L,['7220 IXR-D2L'],6119.281517
0,5,2,0,0,0,0,0,0,edge_robo,leaf,nokia,7220 IXR-D2L,['7220 IXR-D2L'],6119.281517
0,0,0,0,0,0,52,20,0,ai_gpu,leaf,nokia,7220 IXR-H5-64D,['7220 IXR-H5-64D'],88123.0616
0,0,0,0,0,0,50,8,0,ai_gpu,tor,nokia,7220 IXR-H5-64D,['7220 IXR-H5-64D'],88123.0616
0,0,54,0,4,0,0,0,0,enterprise,leaf,nokia,7220 IXR-D3L,['7220 IXR-D3L'],9919.48152
0,0,0,0,56,0,0,0,0,enterprise,spine,nokia,7250 IXR-6e,['60-port 100GE'],19192.88709
0,0,0,0,60,0,0,0,0,enterprise,spine,nokia,7250 IXR-6e,['60-port 100GE'],19192.88709
0,0,0,0,0,0,40,0,0,cloud,edge,nokia,7220 IXR-H5-32D,['7220 IXR-H5-32D'],88123.0616
0,0,22,0,0,0,0,0,0,edge_robo,spine,nokia,7220 IXR-D2L,['7220 IXR-D2L'],6119.281517
0,0,0,0,0,0,18,0,0,cloud,spine,nokia,7220 IXR-H2,['7220 IXR-H2'],42525.74822
0,0,46,0,0,0,0,0,0,enterprise,spine,nokia,7220 IXR-D2L,['7220 IXR-D2L'],6119.281517
0,0,0,0,0,22,6,2,0,ai_gpu,edge,nokia,7220 IXR-H5-32D,['7220 IXR-H5-32D'],88123.0616
0,0,0,0,34,0,14,0,0,ai_gpu,tor,nokia,7220 IXR-H2,['7220 IXR-H2'],42525.74822
0,0,0,0,44,0,0,0,0,enterprise,spine,nokia,7250 IXR-6e,['60-port 100GE'],19192.88709
0,0,0,0,0,0,12,0,0,ai_gpu,spine,nokia,7250 IXR-X1b,['7250 IXR-X1b'],23242.38103
0,0,5,0,0,0,0,0,0,edge_robo,edge,nokia,7220 IXR-D2L,['7220 IXR-D2L'],6119.281517
0,40,0,2,2,0,0,0,0,enterprise,tor,nokia,7220 IXR-D2L,['7220 IXR-D2L'],6119.281517
0,0,4,0,0,0,0,0,0,edge_robo,leaf,nokia,7220 IXR-D2L,['7220 IXR-D2L'],6119.281517
0,6,0,1,0,0,0,0,0,edge_robo,tor,nokia,7220 IXR-D2L,['7220 IXR-D2L'],6119.281517
0,0,0,0,78,0,0,0,0,enterprise,spine,nokia,7250 IXR-6e,"['60-port 100GE', '60-port 100GE']",38385.77418
0,32,0,0,0,0,0,0,0,enterprise,spine,nokia,7220 IXR-D2L,['7220 IXR-D2L'],6119.281517
0,32,6,0,0,0,0,0,0,enterprise,edge,nokia,7220 IXR-D2L,['7220 IXR-D2L'],6119.281517
32,0,1,0,0,0,0,0,0,edge_robo,tor,nokia,7220 IXR-D2L,['7220 IXR-D2L'],6119.281517
0,0,0,0,40,16,0,0,0,cloud,leaf,nokia,7220 IXR-H2,['7220 IXR-H2'],42525.74822
0,0,0,0,0,42,12,2,0,ai_gpu,edge,nokia,7220 IXR-H5-32D,['7220 IXR-H5-32D'],88123.0616
0,0,0,0,10,0,0,0,0,enterprise,edge,nokia,7220 IXR-D3L,['7220 IXR-D3L'],9919.48152
0,0,0,0,0,0,50,28,0,ai_gpu,leaf,nokia,7220 IXR-H5-64D,['7220 IXR-H5-64D'],88123.0616
0,0,0,7,0,0,0,0,0,edge_robo,spine,nokia,7220 IXR-D2L,['7220 IXR-D2L'],6119.281517
0,0,30,0,8,0,0,0,0,enterprise,edge,nokia,7220 IXR-D2L,['7220 IXR-D2L'],6119.281517
0,8,0,0,0,0,0,0,0,edge_robo,spine,nokia,7220 IXR-D2L,['7220 IXR-D2L'],6119.281517
0,0,0,0,30,0,6,0,0,cloud,leaf,nokia,7220 IXR-D4,['7220 IXR-D4'],19192.88709
0,36,0,16,0,0,0,0,0,enterprise,leaf,nokia,7220 IXR-D3L,['7220 IXR-D3L'],9919.48152
0,0,0,0,0,24,8,0,0,cloud,leaf,nokia,7220 IXR-H2,['7220 IXR-H2'],42525.74822
0,68,4,0,4,0,0,0,0,enterprise,tor,nokia,7220 IXR-D3L,['7220 IXR-D3L'],9919.48152
0,0,0,0,0,0,40,0,0,cloud,spine,nokia,7220 IXR-H5-32D,['7220 IXR-H5-32D'],88123.0616
0,0,0,0,0,14,8,0,0,ai_gpu,leaf,nokia,7220 IXR-H2,['7220 IXR-H2'],42525.74822
0,0,0,0,0,0,16,0,0,cloud,leaf,nokia,7220 IXR-H2,['7220 IXR-H2'],42525.74822
0,0,0,0,0,0,22,20,0,ai_gpu,tor,nokia,7220 IXR-H5-32D,['7220 IXR-H5-32D'],88123.0616
0,0,54,0,6,0,2,0,0,ai_gpu,edge,nokia,7250 IXR-X1b,['7250 IXR-X1b'],23242.38103
0,0,0,0,0,0,0,42,0,ai_gpu,spine,nokia,7220 IXR-H5-64D,['7220 IXR-H5-64D'],88123.0616
0,7,0,0,0,0,0,0,0,edge_robo,edge,nokia,7220 IXR-D2L,['7220 IXR-D2L'],6119.281517
0,0,0,0,0,0,50,0,0,enterprise,spine,nokia,7220 IXR-H5-32D,['7220 IXR-H5-32D'],88123.0616
0,0,0,0,8,0,2,0,0,cloud,edge,nokia,7220 IXR-D4,['7220 IXR-D4'],19192.88709
0,0,66,0,6,0,4,0,0,enterprise,tor,nokia,7250 IXR-X1b,['7250 IXR-X1b'],23242.38103
0,0,0,0,52,0,10,0,0,cloud,leaf,nokia,7220 IXR-H2,['7220 IXR-H2'],42525.74822
0,60,0,0,0,0,0,0,0,edge_robo,tor,nokia,7220 IXR-D3L,['7220 IXR-D3L'],9919.48152
0,21,13,0,0,0,0,0,0,edge_robo,leaf,nokia,7220 IXR-D2L,['7220 IXR-D2L'],6119.281517
26,2,0,0,0,0,0,0,0,edge_robo,leaf,nokia,7215 IXS-A1,['7215 IXS-A1'],122.7219673
0,32,0,0,6,0,0,0,0,enterprise,edge,nokia,7220 IXR-D2L,['7220 IXR-D2L'],6119.281517
0,0,52,0,0,0,0,0,0,enterprise,spine,nokia,7220 IXR-D3L,['7220 IXR-D3L'],9919.48152
0,0,0,0,0,14,4,0,0,cloud,edge,nokia,7220 IXR-H2,['7220 IXR-H2'],42525.74822
0,0,0,0,0,0,34,0,0,cloud,leaf,nokia,7250 IXR-X3b,['7250 IXR-X3b'],48124.04366
0,54,8,0,0,0,0,0,0,enterprise,leaf,nokia,7220 IXR-D3L,['7220 IXR-D3L'],9919.48152
0,0,0,0,0,0,20,0,0,ai_gpu,spine,nokia,7220 IXR-H2,['7220 IXR-H2'],42525.74822
0,17,0,0,0,0,0,0,0,edge_robo,spine,nokia,7220 IXR-D2L,['7220 IXR-D2L'],6119.281517
0,0,0,0,64,0,12,0,0,cloud,leaf,nokia,7220 IXR-H2,['7220 IXR-H2'],42525.74822
0,40,12,0,0,0,0,0,0,edge_robo,leaf,nokia,7220 IXR-D3L,['7220 IXR-D3L'],9919.48152
0,0,0,0,0,0,46,26,0,cloud,leaf,nokia,7220 IXR-H5-64D,['7220 IXR-H5-64D'],88123.0616
0,0,48,0,0,0,0,0,0,enterprise,spine,nokia,7220 IXR-D2L,['7220 IXR-D2L'],6119.281517
0,0,0,0,0,0,16,0,0,enterprise,edge,nokia,7220 IXR-H2,['7220 IXR-H2'],42525.74822
0,0,56,0,4,0,2,0,0,ai_gpu,edge,nokia,7250 IXR-X1b,['7250 IXR-X1b'],23242.38103
0,0,26,0,0,0,0,0,0,enterprise,spine,nokia,7220 IXR-D2L,['7220 IXR-D2L'],6119.281517
0,0,0,0,0,0,44,0,0,enterprise,edge,nokia,7220 IXR-H5-32D,['7220 IXR-H5-32D'],88123.0616
0,0,0,0,0,0,70,12,0,cloud,tor,nokia,7220 IXR-H5-64D,['7220 IXR-H5-64D'],88123.0616
0,0,0,20,0,0,0,0,0,edge_robo,spine,nokia,7220 IXR-D3L,['7220 IXR-D3L'],9919.48152
0,24,0,0,0,0,0,0,0,enterprise,spine,nokia,7220 IXR-D2L,['7220 IXR-D2L'],6119.281517
0,47,3,0,0,0,0,0,0,edge_robo,tor,nokia,7220 IXR-D2L,['7220 IXR-D2L'],6119.281517
0,0,0,0,0,0,16,0,0,cloud,spine,nokia,7220 IXR-H2,['7220 IXR-H2'],42525.74822
0,0,0,0,0,0,0,58,0,ai_gpu,spine,nokia,7220 IXR-H5-64D,['7220 IXR-H5-64D'],88123.0616
0,0,0,0,0,40,0,0,0,enterprise,spine,nokia,7220 IXR-H2,['7220 IXR-H2'],42525.74822
0,0,0,0,0,0,0,28,0,ai_gpu,leaf,nokia,7220 IXR-H5-32D,['7220 IXR-H5-32D'],88123.0616
45,2,0,0,0,0,0,0,0,edge_robo,tor,nokia,7215 IXS-A1,['7215 IXS-A1'],122.7219673
37,0,0,0,0,0,0,0,0,edge_robo,tor,nokia,7215 IXS-A1,['7215 IXS-A1'],122.7219673
0,0,0,0,26,0,6,0,0,cloud,leaf,nokia,7220 IXR-D4,['7220 IXR-D4'],19192.88709
0,0,0,32,0,0,0,0,0,enterprise,spine,nokia,7220 IXR-D3L,['7220 IXR-D3L'],9919.48152
62,4,0,2,0,0,0,0,0,enterprise,tor,nokia,,[],
0,12,0,0,0,0,0,0,0,edge_robo,spine,nokia,7220 IXR-D2L,['7220 IXR-D2L'],6119.281517
0,48,0,0,2,0,0,0,0,enterprise,edge,nokia,7220 IXR-D2L,['7220 IXR-D2L'],6119.281517
0,0,0,0,68,0,6,0,0,enterprise,leaf,nokia,7220 IXR-H2,['7220 IXR-H2'],42525.74822
0,0,0,0,0,0,28,0,0,cloud,spine,nokia,7220 IXR-H2,['7220 IXR-H2'],42525.74822
16,0,0,0,0,0,0,0,0,edge_robo,spine,nokia,7215 IXS-A1,['7215 IXS-A1'],122.7219673
0,0,0,0,0,0,48,0,0,enterprise,spine,nokia,7220 IXR-H5-32D,['7220 IXR-H5-32D'],88123.0616
0,23,0,1,0,0,0,0,0,edge_robo,tor,nokia,7220 IXR-D2L,['7220 IXR-D2L'],6119.281517
0,0,0,0,0,8,0,0,0,enterprise,spine,nokia,7220 IXR-D4,['7220 IXR-D4'],19192.88709
0,0,0,0,0,0,0,4,0,ai_gpu,spine,nokia,7220 IXR-H5-32D,['7220 IXR-H5-32D'],88123.0616
0,32,2,0,4,0,0,0,0,enterprise,tor,nokia,7220 IXR-D2L,['7220 IXR-D2L'],6119.281517
0,0,0,0,64,0,24,0,0,cloud,tor,nokia,7220 IXR-H5-32D,['7220 IXR-H5-32D'],88123.0616
0,0,0,0,14,4,0,0,0,cloud,leaf,nokia,7220 IXR-D4,['7220 IXR-D4'],19192.88709
0,0,0,0,60,0,0,0,0,edge_robo,leaf,nokia,7250 IXR-6e,['60-port 100GE'],19192.88709
0,0,58,0,6,0,0,0,0,enterprise,edge,nokia,7220 IXR-D3L,['7220 IXR-D3L'],9919.48152
0,0,3,0,0,0,0,0,0,edge_robo,edge,nokia,7220 IXR-D2L,['7220 IXR-D2L'],6119.281517
0,0,36,0,6,0,2,0,0,ai_gpu,edge,nokia,7220 IXR-D4,['7220 IXR-D4'],19192.88709
0,0,0,0,0,0,64,0,0,cloud,edge,nokia,7220 IXR-H5-32D,['7220 IXR-H5-32D'],88123.0616
0,0,0,0,0,0,38,28,0,ai_gpu,leaf,nokia,7220 IXR-H5-64D,['7220 IXR-H5-64D'],88123.0616
0,5,0,0,0,0,0,0,0,edge_robo,tor,nokia,7220 IXR-D2L,['7220 IXR-D2L'],6119.281517
0,0,0,0,22,0,0,0,0,cloud,leaf,nokia,7220 IXR-D3L,['7220 IXR-D3L'],9919.48152
0,0,0,0,0,0,0,54,0,ai_gpu,spine,nokia,7220 IXR-H5-64D,['7220 IXR-H5-64D'],88123.0616
0,30,8,0,0,0,0,0,0,enterprise,edge,nokia,7220 IXR-D2L,['7220 IXR-D2L'],6119.281517
0,0,38,0,4,0,2,0,0,enterprise,tor,nokia,7220 IXR-D4,['7220 IXR-D4'],19192.88709
0,0,0,0,0,0,1,0,0,edge_robo,edge,nokia,7220 IXR-D4,['7220 IXR-D4'],19192.88709
0,0,0,0,0,0,36,0,0,cloud,spine,nokia,7250 IXR-X3b,['7250 IXR-X3b'],48124.04366
0,0,0,0,0,0,0,20,0,ai_gpu,spine,nokia,7220 IXR-H5-32D,['7220 IXR-H5-32D'],88123.0616
0,54,0,12,0,0,0,0,0,enterprise,leaf,nokia,7220 IXR-D3L,['7220 IXR-D3L'],9919.48152
0,0,0,0,0,0,68,24,0,ai_gpu,leaf,nokia,7220 IXR-H5-64D,['7220 IXR-H5-64D'],88123.0616
0,0,56,0,4,0,2,0,0,ai_gpu,edge,nokia,7250 IXR-X1b,['7250 IXR-X1b'],23242.38103
0,0,0,0,20,0,0,0,0,enterprise,spine,nokia,7220 IXR-D3L,['7220 IXR-D3L'],9919.48152
0,0,45,0,0,0,5,0,0,edge_robo,leaf,nokia,7250 IXR-X1b,['7250 IXR-X1b'],23242.38103
0,0,19,0,0,0,0,0,0,edge_robo,spine,nokia,7220 IXR-D2L,['7220 IXR-D2L'],6119.281517
0,0,0,0,15,0,0,0,0,edge_robo,leaf,nokia,7220 IXR-D3L,['7220 IXR-D3L'],9919.48152
0,0,0,0,76,0,0,0,0,enterprise,spine,nokia,7250 IXR-6e,"['60-port 100GE', '60-port 100GE']",38385.77418
22,0,0,0,0,0,0,0,0,edge_robo,tor,nokia,7215 IXS-A1,['7215 IXS-A1'],122.7219673
0,8,0,0,0,0,0,0,0,edge_robo,edge,nokia,7220 IXR-D2L,['7220 IXR-D2L'],6119.281517
0,0,25,0,4,0,0,0,0,edge_robo,tor,nokia,7220 IXR-D2L,['7220 IXR-D2L'],6119.281517
0,10,0,0,0,0,0,0,0,edge_robo,edge,nokia,7220 IXR-D2L,['7220 IXR-D2L'],6119.281517
0,0,0,0,0,36,14,10,0,cloud,tor,nokia,7220 IXR-H5-32D,['7220 IXR-H5-32D'],88123.0616
0,0,0,0,0,0,14,2,0,cloud,edge,nokia,7220 IXR-H5-32D,['7220 IXR-H5-32D'],88123.0616
0,0,0,28,0,0,0,0,0,enterprise,spine,nokia,7220 IXR-D3L,['7220 IXR-D3L'],9919.48152
0,0,50,0,14,0,0,0,0,cloud,leaf,nokia,7220 IXR-D3L,['7220 IXR-D3L'],9919.48152
0,0,56,0,14,0,2,0,0,enterprise,tor,nokia,7250 IXR-X1b,['7250 IXR-X1b'],23242.38103
0,0,0,0,44,22,0,0,0,cloud,edge,nokia,7220 IXR-H2,['7220 IXR-H2'],42525.74822
0,0,0,0,42,0,0,0,0,cloud,edge,nokia,7250 IXR-6e,['60-port 100GE'],19192.88709
0,0,0,0,0,48,8,6,0,ai_gpu,edge,nokia,7220 IXR-H5-32D,['7220 IXR-H5-32D'],88123.0616
51,9,0,0,0,0,0,0,0,edge_robo,leaf,nokia,,[],
0,0,0,0,0,0,0,58,0,cloud,spine,nokia,7220 IXR-H5-64D,['7220 IXR-H5-64D'],88123.0616
0,0,0,0,0,0,58,30,0,ai_gpu,leaf,nokia,7220 IXR-H5-64D,['7220 IXR-H5-64D'],88123.0616
0,0,25,0,0,0,0,0,0,edge_robo,spine,nokia,7220 IXR-D2L,['7220 IXR-D2L'],6119.281517
0,0,0,0,0,0,0,64,0,ai_gpu,spine,nokia,7220 IXR-H5-64D,['7220 IXR-H5-64D'],88123.0616
0,0,0,0,62,0,12,0,0,cloud,tor,nokia,7220 IXR-H2,['7220 IXR-H2'],42525.74822
0,0,0,0,0,0,72,0,0,cloud,leaf,nokia,7220 IXR-H5-64D,['7220 IXR-H5-64D'],88123.0616
0,0,54,0,6,0,0,0,0,enterprise,edge,nokia,7220 IXR-D3L,['7220 IXR-D3L'],9919.48152
0,48,0,2,2,0,0,0,0,enterprise,tor,nokia,7220 IXR-D2L,['7220 IXR-D2L'],6119.281517
0,43,0,0,0,0,0,0,0,edge_robo,tor,nokia,7220 IXR-D2L,['7220 IXR-D2L'],6119.281517
0,0,0,0,0,0,54,0,0,enterprise,spine,nokia,7220 IXR-H5-32D,['7220 IXR-H5-32D'],88123.0616
0,0,0,0,30,0,1,0,0,edge_robo,tor,nokia,7220 IXR-D4,['7220 IXR-D4'],19192.88709
0,66,0,2,8,0,0,0,0,enterprise,tor,nokia,7220 IXR-D3L,['7220 IXR-D3L'],9919.48152
0,0,0,0,0,0,44,0,0,cloud,spine,nokia,7220 IXR-H5-32D,['7220 IXR-H5-32D'],88123.0616
0,0,0,0,0,0,0,62,0,ai_gpu,leaf,nokia,7220 IXR-H5-64D,['7220 IXR-H5-64D'],88123.0616
0,8,0,0,0,0,0,0,0,edge_robo,tor,nokia,7220 IXR-D2L,['7220 IXR-D2L'],6119.281517
0,0,0,0,0,0,0,16,0,cloud,spine,nokia,7220 IXR-H5-32D,['7220 IXR-H5-32D'],88123.0616
0,60,2,0,8,0,0,0,0,enterprise,tor,nokia,7220 IXR-D3L,['7220 IXR-D3L'],9919.48152
0,0,0,0,0,36,10,6,0,ai_gpu,edge,nokia,7220 IXR-H5-32D,['7220 IXR-H5-32D'],88123.0616
0,30,0,0,4,0,0,0,0,enterprise,leaf,nokia,7220 IXR-D2L,['7220 IXR-D2L'],6119.281517
0,0,0,0,0,0,28,12,0,ai_gpu,leaf,nokia,7220 IXR-H5-32D,['7220 IXR-H5-32D'],88123.0616
0,0,0,0,0,0,40,0,0,ai_gpu,spine,nokia,7220 IXR-H5-32D,['7220 IXR-H5-32D'],88123.0616
0,0,54,0,16,0,2,0,0,enterprise,tor,nokia,7250 IXR-X1b,['7250 IXR-X1b'],23242.38103
24,2,0,0,0,0,0,0,0,edge_robo,tor,nokia,7215 IXS-A1,['7215 IXS-A1'],122.7219673
0,0,23,0,0,0,0,0,0,edge_robo,spine,nokia,7220 IXR-D2L,['7220 IXR-D2L'],6119.281517
0,0,0,0,0,0,24,0,0,ai_gpu,leaf,nokia,7220 IXR-H2,['7220 IXR-H2'],42525.74822
0,0,0,0,20,0,2,2,0,ai_gpu,edge,nokia,7220 IXR-H5-32D,['7220 IXR-H5-32D'],88123.0616
0,28,6,0,0,0,0,0,0,enterprise,edge,nokia,7220 IXR-D2L,['7220 IXR-D2L'],6119.281517
0,0,0,0,0,56,4,14,0,ai_gpu,tor,nokia,7220 IXR-H5-32D,['7220 IXR-H5-32D'],88123.0616
0,0,0,0,0,0,28,12,0,cloud,edge,nokia,7220 IXR-H5-32D,['7220 IXR-H5-32D'],88123.0616
0,31,0,0,0,0,0,0,0,edge_robo,tor,nokia,7220 IXR-D2L,['7220 IXR-D2L'],6119.281517
0,0,0,0,0,0,44,0,0,cloud,spine,nokia,7220 IXR-H5-32D,['7220 IXR-H5-32D'],88123.0616
0,0,0,0,0,0,0,40,0,ai_gpu,leaf,nokia,7220 IXR-H5-64D,['7220 IXR-H5-64D'],88123.0616
0,35,0,0,0,0,0,0,0,edge_robo,leaf,nokia,7220 IXR-D2L,['7220 IXR-D2L'],6119.281517
5,0,0,0,0,0,0,0,0,edge_robo,edge,nokia,7215 IXS-A1,['7215 IXS-A1'],122.7219673
42,2,0,0,0,0,0,0,0,enterprise,edge,nokia,7215 IXS-A1,['7215 IXS-A1'],122.7219673
0,0,0,21,0,0,0,0,0,edge_robo,spine,nokia,7220 IXR-D3L,['7220 IXR-D3L'],9919.48152
0,25,0,0,0,0,0,0,0,edge_robo,leaf,nokia,7220 IXR-D2L,['7220 IXR-D2L'],6119.281517
0,0,0,0,0,0,58,0,0,cloud,spine,nokia,7220 IXR-H5-32D,['7220 IXR-H5-32D'],88123.0616
0,0,0,0,0,0,66,4,0,ai_gpu,tor,nokia,7220 IXR-H5-64D,['7220 IXR-H5-64D'],88123.0616
0,0,14,0,6,0,0,0,0,enterprise,edge,nokia,7220 IXR-D2L,['7220 IXR-D2L'],6119.281517
0,46,0,0,0,0,0,0,0,edge_robo,leaf,nokia,7220 IXR-D2L,['7220 IXR-D2L'],6119.281517
0,0,0,0,60,0,8,0,0,cloud,leaf,nokia,7220 IXR-H2,['7220 IXR-H2'],42525.74822
0,0,0,0,0,0,14,10,0,ai_gpu,leaf,nokia,7220 IXR-H5-32D,['7220 IXR-H5-32D'],88123.0616
0,25,0,0,0,0,0,0,0,edge_robo,spine,nokia,7220 IXR-D2L,['7220 IXR-D2L'],6119.281517
0,0,0,0,28,24,0,0,0,cloud,edge,nokia,7220 IXR-H2,['7220 IXR-H2'],42525.74822
0,0,0,0,0,0,0,12,0,cloud,spine,nokia,7220 IXR-H5-32D,['7220 IXR-H5-32D'],88123.0616
0,12,0,0,0,0,0,0,0,edge_robo,edge,nokia,7220 IXR-D2L,['7220 IXR-D2L'],6119.281517
0,0,0,0,0,8,0,0,0,ai_gpu,spine,nokia,7220 IXR-D4,['7220 IXR-D4'],19192.88709
0,0,0,0,0,54,0,14,0,cloud,leaf,nokia,7220 IXR-H5-32D,['7220 IXR-H5-32D'],88123.0616
0,0,0,48,0,0,0,0,0,enterprise,spine,nokia,7250 IXR-6e,['60-port 100GE'],19192.88709
0,56,6,0,0,0,0,0,0,edge_robo,leaf,nokia,7220 IXR-D3L,['7220 IXR-D3L'],9919.48152
0,0,0,0,1,0,0,0,0,edge_robo,edge,nokia,7220 IXR-D2L,['7220 IXR-D2L'],6119.281517
0,54,8,0,0,0,0,0,0,enterprise,edge,nokia,7220 IXR-D3L,['7220 IXR-D3L'],9919.48152
0,0,0,0,0,0,12,0,0,enterprise,edge,nokia,7250 IXR-X1b,['7250 IXR-X1b'],23242.38103
0,0,54,0,0,0,0,0,0,enterprise,spine,nokia,7220 IXR-D3L,['7220 IXR-D3L'],9919.48152
0,60,0,0,2,0,2,0,0,ai_gpu,edge,nokia,7250 IXR-X1b,['7250 IXR-X1b'],23242.38103
0,4,2,0,0,0,0,0,0,enterprise,leaf,nokia,7220 IXR-D2L,['7220 IXR-D2L'],6119.281517
15,0,0,0,0,0,0,0,0,edge_robo,spine,nokia,7215 IXS-A1,['7215 IXS-A1'],122.7219673
0,6,0,0,0,0,0,0,0,edge_robo,edge,nokia,7220 IXR-D2L,['7220 IXR-D2L'],6119.281517
0,0,0,0,48,0,2,2,0,ai_gpu,edge,nokia,7220 IXR-H5-32D,['7220 IXR-H5-32D'],88123.0616
0,0,0,0,0,0,0,60,0,cloud,spine,nokia,7220 IXR-H5-64D,['7220 IXR-H5-64D'],88123.0616
0,0,0,0,0,0,20,0,0,cloud,leaf,nokia,7220 IXR-H2,['7220 IXR-H2'],42525.74822
0,12,1,0,0,0,0,0,0,edge_robo,leaf,nokia,7220 IXR-D2L,['7220 IXR-D2L'],6119.281517
12,1,0,0,0,0,0,0,0,edge_robo,tor,nokia,7215 IXS-A1,['7215 IXS-A1'],122.7219673
0,0,0,0,0,0,0,18,0,cloud,spine,nokia,7220 IXR-H5-32D,['7220 IXR-H5-32D'],88123.0616
0,0,0,0,0,0,0,50,0,ai_gpu,spine,nokia,7220 IXR-H5-64D,['7220 IXR-H5-64D'],88123.0616
74,4,0,2,0,0,0,0,0,enterprise,tor,nokia,,[],
0,0,0,0,0,24,6,6,0,cloud,tor,nokia,7220 IXR-H5-32D,['7220 IXR-H5-32D'],88123.0616
0,37,20,0,0,0,0,0,0,edge_robo,leaf,nokia,7220 IXR-D3L,['7220 IXR-D3L'],9919.48152
0,0,0,0,0,0,26,0,0,cloud,edge,nokia,7220 IXR-H2,['7220 IXR-H2'],42525.74822
0,11,0,0,0,0,0,0,0,edge_robo,tor,nokia,7220 IXR-D2L,['7220 IXR-D2L'],6119.281517
0,0,0,0,0,0,10,8,0,ai_gpu,leaf,nokia,7220 IXR-H5-32D,['7220 IXR-H5-32D'],88123.0616
0,0,0,0,0,66,28,0,0,ai_gpu,leaf,nokia,7220 IXR-H5-32D,['7220 IXR-H5-32D'],88123.0616
0,0,0,0,0,0,44,10,0,ai_gpu,tor,nokia,7220 IXR-H5-32D,['7220 IXR-H5-32D'],88123.0616
0,0,0,0,0,0,56,22,0,ai_gpu,tor,nokia,7220 IXR-H5-64D,['7220 IXR-H5-64D'],88123.0616
0,2,0,0,0,0,0,0,0,edge_robo,edge,nokia,7215 IXS-A1,['7215 IXS-A1'],122.7219673
0,15,1,0,0,0,0,0,0,edge_robo,tor,nokia,7220 IXR-D2L,['7220 IXR-D2L'],6119.281517
0,0,0,0,0,0,48,0,0,cloud,spine,nokia,7220 IXR-H5-32D,['7220 IXR-H5-32D'],88123.0616
0,0,0,0,36,16,8,0,0,ai_gpu,tor,nokia,7220 IXR-H2,['7220 IXR-H2'],42525.74822
0,0,7,0,0,0,0,0,0,edge_robo,edge,nokia,7220 IXR-D2L,['7220 IXR-D2L'],6119.281517
0,0,0,0,0,50,2,8,0,ai_gpu,edge,nokia,7220 IXR-H5-32D,['7220 IXR-H5-32D'],88123.0616
0,8,0,0,0,0,0,0,0,edge_robo,edge,nokia,7220 IXR-D2L,['7220 IXR-D2L'],6119.281517
0,0,0,0,0,52,16,4,0,ai_gpu,tor,nokia,7220 IXR-H5-32D,['7220 IXR-H5-32D'],88123.0616
0,54,0,0,2,0,2,0,0,ai_gpu,edge,nokia,7250 IXR-X1b,['7250 IXR-X1b'],23242.38103
0,0,0,0,40,0,0,0,0,enterprise,spine,nokia,7250 IXR-6e,['60-port 100GE'],19192.88709
0,0,0,0,38,10,12,0,0,ai_gpu,tor,nokia,7220 IXR-H2,['7220 IXR-H2'],42525.74822
0,0,61,0,0,0,0,0,0,edge_robo,leaf,nokia,7220 IXR-D3L,['7220 IXR-D3L'],9919.48152
9,0,0,0,0,0,0,0,0,edge_robo,edge,nokia,7215 IXS-A1,['7215 IXS-A1'],122.7219673
0,0,0,0,0,0,58,30,0,ai_gpu,leaf,nokia,7220 IXR-H5-64D,['7220 IXR-H5-64D'],88123.0616
0,0,0,0,0,42,12,2,0,ai_gpu,edge,nokia,7220 IXR-H5-32D,['7220 IXR-H5-32D'],88123.0616
0,20,0,0,2,0,0,0,0,enterprise,edge,nokia,7220 IXR-D2L,['7220 IXR-D2L'],6119.281517
0,0,50,0,4,0,2,0,0,enterprise,tor,nokia,7250 IXR-X1b,['7250 IXR-X1b'],23242.38103
0,0,0,0,0,0,0,28,0,cloud,spine,nokia,7220 IXR-H5-32D,['7220 IXR-H5-32D'],88123.0616
0,0,0,0,48,8,4,0,0,cloud,tor,nokia,7220 IXR-H2,['7220 IXR-H2'],42525.74822
0,0,0,0,0,0,0,10,0,cloud,spine,nokia,7220 IXR-H5-32D,['7220 IXR-H5-32D'],88123.0616
0,0,0,0,0,0,66,14,0,ai_gpu,tor,nokia,7220 IXR-H5-64D,['7220 IXR-H5-64D'],88123.0616
0,0,0,0,0,24,6,4,0,ai_gpu,edge,nokia,7220 IXR-H5-32D,['7220 IXR-H5-32D'],88123.0616
0,0,16,0,4,0,0,0,0,enterprise,leaf,nokia,7220 IXR-D2L,['7220 IXR-D2L'],6119.281517
0,0,0,0,0,0,18,0,0,cloud,spine,nokia,7220 IXR-H2,['7220 IXR-H2'],42525.74822
0,58,12,0,6,0,0,0,0,enterprise,tor,nokia,7220 IXR-D3L,['7220 IXR-D3L'],9919.48152
0,0,0,0,0,0,0,66,0,ai_gpu,leaf,nokia,7250 IXR-6e,"['36-port 800GE', '36-port 800GE']",199284.53758
0,0,0,17,0,0,0,0,0,edge_robo,spine,nokia,7220 IXR-D3L,['7220 IXR-D3L'],9919.48152
0,0,0,0,48,0,2,2,0,ai_gpu,edge,nokia,7220 IXR-H5-32D,['7220 IXR-H5-32D'],88123.0616
24,2,0,0,0,0,0,0,0,enterprise,edge,nokia,7215 IXS-A1,['7215 IXS-A1'],122.7219673
0,0,0,0,48,30,8,0,0,cloud,tor,nokia,7220 IXR-H5-32D,['7220 IXR-H5-32D'],88123.0616
0,44,0,12,0,0,0,0,0,enterprise,leaf,nokia,7220 IXR-D3L,['7220 IXR-D3L'],9919.48152
0,0,0,0,78,0,0,0,0,enterprise,leaf,nokia,7250 IXR-6e,"['60-port 100GE', '60-port 100GE']",38385.77418
32,2,0,0,0,0,0,0,0,enterprise,edge,nokia,7215 IXS-A1,['7215 IXS-A1'],122.7219673
0,0,0,0,8,0,0,0,0,edge_robo,spine,nokia,7220 IXR-D2L,['7220 IXR-D2L'],6119.281517
0,0,0,0,44,0,14,0,0,enterprise,edge,nokia,7220 IXR-H2,['7220 IXR-H2'],42525.74822
0,0,0,0,46,0,0,0,0,enterprise,leaf,nokia,7250 IXR-6e,['60-port 100GE'],19192.88709
0,0,0,0,54,0,0,0,0,enterprise,spine,nokia,7250 IXR-6e,['60-port 100GE'],19192.88709
0,0,0,0,3,0,0,0,0,edge_robo,edge,nokia,7220 IXR-D2L,['7220 IXR-D2L'],6119.281517
0,0,24,0,10,0,0,0,0,edge_robo,leaf,nokia,7220 IXR-D3L,['7220 IXR-D3L'],9919.48152
0,0,0,0,0,0,0,60,0,ai_gpu,spine,nokia,7220 IXR-H5-64D,['7220 IXR-H5-64D'],88123.0616
0,0,0,0,0,0,66,8,0,cloud,tor,nokia,7220 IXR-H5-64D,['7220 IXR-H5-64D'],88123.0616
0,38,0,4,0,0,0,0,0,enterprise,leaf,nokia,7220 IXR-D2L,['7220 IXR-D2L'],6119.281517
0,0,0,0,0,0,66,12,0,ai_gpu,tor,nokia,7220 IXR-H5-64D,['7220 IXR-H5-64D'],88123.0616
0,48,8,0,6,0,0,0,0,enterprise,tor,nokia,7220 IXR-D3L,['7220 IXR-D3L'],9919.48152
0,28,6,0,0,0,0,0,0,edge_robo,leaf,nokia,7220 IXR-D2L,['7220 IXR-D2L'],6119.281517
0,0,0,0,0,26,0,0,0,enterprise,spine,nokia,7220 IXR-H2,['7220 IXR-H2'],42525.74822
0,30,2,0,4,0,0,0,0,enterprise,tor,nokia,7220 IXR-D2L,['7220 IXR-D2L'],6119.281517
0,0,0,0,0,0,8,6,0,ai_gpu,leaf,nokia,7220 IXR-H5-32D,['7220 IXR-H5-32D'],88123.0616
0,0,0,0,19,0,2,0,0,edge_robo,leaf,nokia,7220 IXR-D4,['7220 IXR-D4'],19192.88709
0,2,0,0,0,0,0,0,0,edge_robo,edge,nokia,7215 IXS-A1,['7215 IXS-A1'],122.7219673
0,0,0,0,0,0,0,52,0,ai_gpu,leaf,nokia,7220 IXR-H5-64D,['7220 IXR-H5-64D'],88123.0616
0,0,0,0,64,0,0,0,0,enterprise,spine,nokia,7250 IXR-X1b,['7250 IXR-X1b'],23242.38103
0,0,0,0,22,0,0,0,0,ai_gpu,spine,nokia,7220 IXR-D3L,['7220 IXR-D3L'],9919.48152
0,0,0,0,56,0,20,0,0,cloud,leaf,nokia,7250 IXR-X3b,['7250 IXR-X3b'],48124.04366
0,0,0,0,66,0,0,0,0,cloud,leaf,nokia,7250 IXR-X1b,['7250 IXR-X1b'],23242.38103
0,30,4,0,2,0,0,0,0,enterprise,tor,nokia,7220 IXR-D2L,['7220 IXR-D2L'],6119.281517
40,4,0,0,0,0,0,0,0,enterprise,edge,nokia,7215 IXS-A1,['7215 IXS-A1'],122.7219673
0,0,0,0,0,0,14,0,0,ai_gpu,spine,nokia,7220 IXR-H2,['7220 IXR-H2'],42525.74822
0,60,4,0,4,0,0,0,0,enterprise,tor,nokia,7220 IXR-D3L,['7220 IXR-D3L'],9919.48152
0,0,0,0,0,0,62,12,0,ai_gpu,tor,nokia,7220 IXR-H5-64D,['7220 IXR-H5-64D'],88123.0616
0,0,0,0,0,0,0,0,16,ai_gpu,spine,nokia,,[],
0,0,0,0,0,38,14,12,0,ai_gpu,tor,nokia,7220 IXR-H5-32D,['7220 IXR-H5-32D'],88123.0616
0,30,0,0,0,0,0,0,0,edge_robo,spine,nokia,7220 IXR-D2L,['7220 IXR-D2L'],6119.281517
0,0,0,0,0,26,0,0,0,ai_gpu,spine,nokia,7220 IXR-H2,['7220 IXR-H2'],42525.74822
0,0,0,0,62,4,12,0,0,cloud,tor,nokia,7220 IXR-H2,['7220 IXR-H2'],42525.74822
0,0,0,0,0,0,50,20,0,ai_gpu,leaf,nokia,7220 IXR-H5-64D,['7220 IXR-H5-64D'],88123.0616
0,0,21,0,1,0,0,0,0,edge_robo,leaf,nokia,7220 IXR-D2L,['7220 IXR-D2L'],6119.281517
60,4,0,0,0,0,0,0,0,enterprise,edge,nokia,,[],
0,0,0,0,16,0,4,0,0,ai_gpu,edge,nokia,7220 IXR-D4,['7220 IXR-D4'],19192.88709
0,0,48,0,4,6,0,0,0,cloud,tor,nokia,7220 IXR-H2,['7220 IXR-H2'],42525.74822
0,0,2,2,0,0,0,0,0,enterprise,leaf,nokia,7220 IXR-D2L,['7220 IXR-D2L'],6119.281517
0,0,0,0,42,0,14,0,0,cloud,tor,nokia,7220 IXR-H2,['7220 IXR-H2'],42525.74822
0,7,0,0,0,0,0,0,0,edge_robo,edge,nokia,7220 IXR-D2L,['7220 IXR-D2L'],6119.281517
0,0,0,0,0,0,78,4,0,cloud,tor,nokia,7220 IXR-H5-64D,['7220 IXR-H5-64D'],88123.0616
0,38,14,0,2,0,0,0,0,enterprise,tor,nokia,7220 IXR-D3L,['7220 IXR-D3L'],9919.48152
0,14,2,0,0,0,0,0,0,enterprise,edge,nokia,7220 IXR-D2L,['7220 IXR-D2L'],6119.281517
0,0,40,0,4,0,0,0,0,enterprise,leaf,nokia,7220 IXR-D2L,['7220 IXR-D2L'],6119.281517
0,0,40,0,0,0,0,0,0,enterprise,spine,nokia,7220 IXR-D2L,['7220 IXR-D2L'],6119.281517
0,0,0,0,0,0,6,4,0,cloud,leaf,nokia,7220 IXR-H5-32D,['7220 IXR-H5-32D'],88123.0616
0,0,28,0,0,0,2,0,0,enterprise,leaf,nokia,7220 IXR-D4,['7220 IXR-D4'],19192.88709
0,60,0,0,2,0,2,0,0,ai_gpu,edge,nokia,7250 IXR-X1b,['7250 IXR-X1b'],23242.38103
0,0,29,0,0,0,0,0,0,edge_robo,leaf,nokia,7220 IXR-D2L,['7220 IXR-D2L'],6119.281517
0,14,1,0,0,0,0,0,0,edge_robo,tor,nokia,7220 IXR-D2L,['7220 IXR-D2L'],6119.281517
0,0,60,0,0,0,2,0,0,enterprise,leaf,nokia,7250 IXR-X1b,['7250 IXR-X1b'],23242.38103
0,52,4,0,4,0,0,0,0,enterprise,tor,nokia,7220 IXR-D3L,['7220 IXR-D3L'],9919.48152
57,1,0,0,0,0,0,0,0,edge_robo,tor,nokia,,[],
0,0,0,0,24,0,10,0,0,ai_gpu,tor,nokia,7250 IXR-X1b,['7250 IXR-X1b'],23242.38103
0,0,64,0,0,0,0,0,0,enterprise,spine,nokia,7220 IXR-D3L,['7220 IXR-D3L'],9919.48152
36,1,0,0,0,0,0,0,0,edge_robo,tor,nokia,7215 IXS-A1,['7215 IXS-A1'],122.7219673
0,0,0,0,0,0,18,8,0,ai_gpu,leaf,nokia,7220 IXR-H5-32D,['7220 IXR-H5-32D'],88123.0616
0,0,0,0,70,0,0,0,0,cloud,edge,nokia,7250 IXR-X1b,['7250 IXR-X1b'],23242.38103
0,0,0,0,0,34,0,0,0,enterprise,spine,nokia,7220 IXR-H2,['7220 IXR-H2'],42525.74822
0,11,0,0,0,0,0,0,0,edge_robo,spine,nokia,7220 IXR-D2L,['7220 IXR-D2L'],6119.281517
0,0,34,0,0,0,0,0,0,enterprise,spine,nokia,7220 IXR-D2L,['7220 IXR-D2L'],6119.281517
0,0,0,0,35,0,11,0,0,edge_robo,leaf,nokia,7220 IXR-H2,['7220 IXR-H2'],42525.74822
0,0,0,0,0,0,0,66,0,ai_gpu,leaf,nokia,7250 IXR-6e,"['36-port 800GE', '36-port 800GE']",199284.53758
0,0,0,0,16,0,4,0,0,ai_gpu,edge,nokia,7220 IXR-D4,['7220 IXR-D4'],19192.88709
0,0,0,0,0,26,0,0,0,enterprise,spine,nokia,7220 IXR-H2,['7220 IXR-H2'],42525.74822
0,0,0,0,68,0,10,0,0,cloud,leaf,nokia,7220 IXR-H2,['7220 IXR-H2'],42525.74822
0,0,0,0,0,0,36,0,0,ai_gpu,leaf,nokia,7250 IXR-X3b,['7250 IXR-X3b'],48124.04366
0,0,0,0,0,22,0,0,0,enterprise,spine,nokia,7220 IXR-H2,['7220 IXR-H2'],42525.74822
0,0,0,0,38,0,8,0,0,cloud,tor,nokia,7250 IXR-X1b,['7250 IXR-X1b'],23242.38103
0,10,2,0,0,0,0,0,0,enterprise,leaf,nokia,7220 IXR-D2L,['7220 IXR-D2L'],6119.281517
0,44,10,0,0,0,0,0,0,enterprise,edge,nokia,7220 IXR-D3L,['7220 IXR-D3L'],9919.48152
0,7,0,0,0,0,0,0,0,edge_robo,edge,nokia,7220 IXR-D2L,['7220 IXR-D2L'],6119.281517
0,0,0,0,18,14,0,0,0,cloud,leaf,nokia,7220 IXR-H2,['7220 IXR-H2'],42525.74822
